Car_Brand,Model,Engine_Type,Fuel_Efficiency,Safety_Rating,Price,Price_IR,Driving_Condition,Temperature,Road_Type,Traffic_Level,Weather_Condition,Engine_Performance,Battery_Range,Braking_Performance,Comfort_Rating,Emissions,Acceleration,Suspension_Performance,Vehicle_Condition,Tire_Condition,Driver_Experience,Performance_Optimization,Scenario_Adaptability,Rim_Wheel_Size,Rim_Wheel_Style,Rim_Wheel_Material,Spoiler,Bumper_Type,Side_Skirts,Power_Upgrade,Turbo_Supercharger
Ford,Mustang,Diesel,35,5,74337,6318645,Urban,6,Highway,Medium,Rainy,404,,170,6,150,6,6,Poor,Worn,Novice,Medium,6,18,Sport,Carbon Fiber,Yes,Sport,No,Stock,Turbo
BMW,3 Series,Diesel,26,4,60696,5159160,Off-Road,27,Highway,Low,Clear,267,,193,8,286,9,8,Poor,New,Novice,Low,5,21,Sport,Carbon Fiber,No,Sport,Yes,Stage 1,Turbo
Ford,Mustang,Diesel,15,5,79050,6719250,Heavy Traffic,12,Highway,Low,Rainy,244,,110,9,272,6,8,Well-maintained,Worn,Novice,Medium,2,21,Off-road,Steel,No,Sport,No,Stage 1,None
BMW,X5,Electric,21,5,29782,2531470,Highway,10,Off-road terrain,Medium,Clear,373,,191,8,268,5,5,Moderate wear,New,Intermediate,High,7,17,Off-road,Carbon Fiber,Yes,Reinforced,No,Stock,Supercharger
Mercedes,GLE,Diesel,29,4,73006,6205510,Heavy Traffic,1,City streets,High,Snowy,488,,109,9,178,7,8,Poor,Worn,Novice,High,3,19,Sport,Steel,No,Standard,Yes,Stage 1,Turbo
Tesla,Model 3,Electric,17,5,36940,3139900,Highway,2,Off-road terrain,Low,Snowy,158,,159,7,226,9,5,Poor,Flat,Expert,Medium,2,18,Classic,Steel,Yes,Standard,Yes,Stock,Turbo
Toyota,Camry,Petrol,32,5,70383,5982555,Urban,2,City streets,Low,Clear,161,,188,6,261,5,8,Well-maintained,Flat,Expert,Medium,5,17,Luxury,Steel,Yes,Sport,Yes,Stock,Supercharger
Tesla,Model S,Petrol,39,4,70971,6032535,Highway,12,Off-road terrain,High,Rainy,241,,150,9,260,5,8,Well-maintained,Worn,Novice,Medium,3,21,Off-road,Alloy,No,Sport,No,Stage 3,None
Ford,Mustang,Petrol,16,4,21141,1796985,Heavy Traffic,12,Off-road terrain,Medium,Clear,450,,146,8,225,9,6,Poor,New,Expert,Low,3,20,Classic,Alloy,No,Sport,No,Stock,Turbo
Tesla,Model S,Diesel,33,4,34892,2965820,Heavy Traffic,18,City streets,Low,Rainy,363,,122,9,168,6,8,Poor,Flat,Novice,Low,4,18,Sport,Carbon Fiber,Yes,Reinforced,No,Stock,None
Mercedes,GLE,Diesel,37,4,52894,4495990,Urban,29,Highway,Low,Clear,459,,121,9,177,7,8,Well-maintained,Worn,Expert,Low,6,18,Sport,Steel,No,Reinforced,Yes,Stage 1,Turbo
Mercedes,GLE,Petrol,37,4,24758,2104430,Heavy Traffic,17,Off-road terrain,High,Clear,307,,176,8,295,5,9,Well-maintained,Flat,Expert,Low,2,20,Luxury,Steel,No,Sport,Yes,Stage 3,None
Tesla,Model S,Electric,23,4,38771,3295535,Off-Road,21,Highway,High,Rainy,394,,156,8,170,6,9,Well-maintained,New,Expert,High,6,19,Luxury,Carbon Fiber,No,Standard,No,Stage 2,None
Mercedes,GLE,Diesel,20,4,62481,5310885,Urban,0,Off-road terrain,Low,Clear,224,,113,7,152,9,7,Well-maintained,Flat,Intermediate,High,4,21,Off-road,Steel,No,Sport,No,Stock,None
Mercedes,GLE,Diesel,33,4,57016,4846360,Heavy Traffic,28,City streets,Medium,Snowy,360,,124,9,222,5,6,Poor,New,Intermediate,Low,2,20,Off-road,Carbon Fiber,No,Standard,Yes,Stage 3,Turbo
Ford,F-150,Diesel,21,4,60005,5100425,Heavy Traffic,26,City streets,High,Clear,436,,109,7,167,8,8,Well-maintained,New,Expert,Low,4,17,Sport,Alloy,No,Sport,No,Stock,None
Toyota,Corolla,Petrol,34,5,44162,3753770,Urban,-1,Off-road terrain,Low,Rainy,228,,117,8,151,9,9,Moderate wear,New,Intermediate,High,9,18,Luxury,Steel,Yes,Reinforced,Yes,Stage 1,None
Tesla,Model 3,Petrol,24,5,63492,5396820,Urban,7,City streets,Low,Rainy,222,,151,8,279,8,9,Poor,New,Intermediate,Medium,3,18,Luxury,Carbon Fiber,Yes,Standard,No,Stage 3,Turbo
Mercedes,E-Class,Diesel,39,4,51926,4413710,Urban,11,City streets,Medium,Snowy,162,,191,7,268,7,6,Poor,Worn,Expert,Medium,4,20,Classic,Carbon Fiber,No,Reinforced,Yes,Stage 1,Supercharger
Mercedes,E-Class,Diesel,39,4,24239,2060315,Off-Road,18,City streets,High,Snowy,184,,154,7,251,8,7,Well-maintained,New,Expert,Medium,8,20,Classic,Steel,Yes,Sport,Yes,Stage 2,Turbo
Tesla,Model 3,Diesel,24,5,71372,6066620,Highway,7,Off-road terrain,High,Snowy,183,,135,6,155,6,9,Moderate wear,New,Expert,High,8,21,Luxury,Steel,No,Reinforced,No,Stage 2,Turbo
Tesla,Model 3,Diesel,30,5,78533,6675305,Off-Road,8,Off-road terrain,Medium,Rainy,170,,153,9,252,7,7,Moderate wear,Flat,Expert,High,1,17,Off-road,Carbon Fiber,No,Standard,No,Stage 2,Supercharger
Mercedes,E-Class,Electric,15,4,26380,2242300,Extreme Weather,34,Off-road terrain,High,Snowy,368,,179,7,236,5,7,Poor,Worn,Novice,High,2,19,Luxury,Alloy,Yes,Reinforced,No,Stage 2,None
BMW,X5,Electric,17,5,31695,2694075,Urban,-1,Off-road terrain,High,Snowy,265,,113,8,261,9,9,Poor,Flat,Novice,Low,2,18,Luxury,Carbon Fiber,Yes,Reinforced,No,Stage 3,Turbo
Ford,Mustang,Electric,17,5,59182,5030470,Highway,30,Off-road terrain,High,Snowy,339,,146,6,254,6,9,Moderate wear,New,Novice,High,2,21,Luxury,Alloy,No,Standard,Yes,Stage 1,Supercharger
Hyundai,Sonata,Petrol,39,4,47125,4005625,Extreme Weather,1,City streets,High,Rainy,187,,113,9,240,6,5,Well-maintained,Worn,Novice,Medium,4,21,Sport,Carbon Fiber,No,Reinforced,No,Stage 3,Supercharger
Mercedes,E-Class,Electric,16,4,26449,2248165,Heavy Traffic,11,Highway,High,Rainy,281,,184,8,243,5,5,Well-maintained,New,Expert,High,5,19,Off-road,Carbon Fiber,No,Reinforced,Yes,Stage 2,None
Toyota,Corolla,Diesel,16,5,55427,4711295,Highway,16,Highway,Medium,Clear,306,,137,8,259,5,6,Poor,New,Expert,High,1,18,Sport,Carbon Fiber,Yes,Reinforced,No,Stage 1,None
BMW,3 Series,Electric,37,5,54335,4618475,Heavy Traffic,27,Highway,Low,Rainy,377,,159,7,211,6,6,Moderate wear,New,Novice,Medium,6,21,Classic,Steel,No,Reinforced,No,Stock,None
Mercedes,E-Class,Electric,33,5,66158,5623430,Heavy Traffic,12,Off-road terrain,Medium,Snowy,435,,197,7,216,6,6,Poor,Worn,Intermediate,Medium,1,21,Luxury,Steel,Yes,Reinforced,No,Stage 3,Turbo
BMW,3 Series,Electric,26,4,79213,6733105,Urban,3,Off-road terrain,High,Rainy,447,,150,9,277,8,7,Moderate wear,New,Intermediate,High,1,21,Classic,Alloy,Yes,Sport,Yes,Stage 2,Supercharger
Tesla,Model 3,Electric,24,5,64243,5460655,Urban,23,Off-road terrain,Low,Snowy,247,,164,8,261,6,6,Well-maintained,Worn,Intermediate,Low,9,20,Sport,Steel,Yes,Standard,No,Stock,Supercharger
Hyundai,Kona EV,Electric,15,4,46081,3916885,Off-Road,29,Highway,Low,Snowy,457,,184,6,214,7,5,Poor,New,Novice,Low,6,19,Luxury,Carbon Fiber,Yes,Reinforced,No,Stock,None
Ford,Mustang,Diesel,21,5,31962,2716770,Extreme Weather,17,Off-road terrain,Low,Clear,257,,178,7,195,9,8,Moderate wear,Worn,Expert,Low,2,21,Luxury,Steel,Yes,Standard,Yes,Stage 1,None
Ford,Mustang,Petrol,36,4,25269,2147865,Heavy Traffic,26,City streets,Low,Clear,388,,157,7,295,9,5,Poor,Flat,Intermediate,High,7,20,Sport,Alloy,Yes,Sport,Yes,Stage 2,Turbo
BMW,X5,Electric,16,5,45142,3837070,Highway,21,City streets,Low,Clear,204,,196,9,236,9,6,Poor,Flat,Expert,Low,2,18,Classic,Steel,Yes,Standard,No,Stage 3,None
Toyota,Corolla,Electric,21,4,46655,3965675,Urban,25,Highway,High,Snowy,254,,100,6,163,8,6,Poor,Worn,Intermediate,Medium,4,19,Luxury,Alloy,Yes,Sport,No,Stage 3,None
Mercedes,GLE,Petrol,31,5,66270,5632950,Extreme Weather,6,City streets,High,Clear,469,,158,7,279,8,6,Poor,New,Expert,High,7,17,Sport,Carbon Fiber,No,Reinforced,No,Stock,Turbo
BMW,3 Series,Electric,38,5,65156,5538260,Highway,32,City streets,Low,Clear,269,,196,6,206,6,5,Moderate wear,New,Novice,High,5,21,Luxury,Carbon Fiber,Yes,Reinforced,No,Stock,None
Ford,Mustang,Petrol,31,4,32982,2803470,Highway,23,Highway,Low,Snowy,423,,141,9,250,9,6,Well-maintained,New,Intermediate,High,4,18,Sport,Steel,No,Sport,Yes,Stock,Supercharger
Ford,F-150,Electric,19,5,31468,2674780,Extreme Weather,9,Off-road terrain,High,Snowy,396,,118,7,175,5,6,Moderate wear,Worn,Novice,Medium,5,19,Off-road,Carbon Fiber,Yes,Sport,No,Stage 2,None
Tesla,Model 3,Electric,17,4,77248,6566080,Urban,6,City streets,High,Rainy,198,,154,7,248,8,8,Well-maintained,Worn,Expert,Medium,4,18,Classic,Carbon Fiber,Yes,Reinforced,Yes,Stage 2,Supercharger
Mercedes,GLE,Petrol,21,4,38895,3306075,Urban,10,Highway,Low,Clear,497,,105,9,297,5,7,Moderate wear,Worn,Intermediate,Low,1,20,Luxury,Carbon Fiber,Yes,Standard,Yes,Stage 2,None
Ford,F-150,Electric,28,4,48412,4115020,Heavy Traffic,20,Off-road terrain,Medium,Snowy,257,,129,6,289,6,8,Well-maintained,New,Intermediate,Medium,2,21,Sport,Steel,No,Standard,Yes,Stock,None
BMW,3 Series,Diesel,30,5,78446,6667910,Heavy Traffic,7,Off-road terrain,Low,Rainy,279,,183,9,195,7,8,Moderate wear,Worn,Expert,Medium,6,17,Luxury,Alloy,Yes,Reinforced,No,Stock,Turbo
Mercedes,GLE,Diesel,22,4,65178,5540130,Extreme Weather,24,City streets,High,Rainy,220,,195,9,168,8,7,Well-maintained,Flat,Novice,Low,5,17,Off-road,Carbon Fiber,No,Reinforced,Yes,Stage 3,Turbo
Tesla,Model S,Petrol,20,5,56132,4771220,Off-Road,3,Off-road terrain,High,Rainy,166,,125,6,221,9,5,Poor,Worn,Intermediate,High,3,21,Off-road,Carbon Fiber,Yes,Standard,No,Stage 1,None
Hyundai,Sonata,Electric,31,4,23240,1975400,Highway,4,Highway,Low,Rainy,372,,100,9,252,8,6,Well-maintained,Worn,Intermediate,High,6,20,Luxury,Carbon Fiber,No,Sport,No,Stock,Turbo
Toyota,Camry,Electric,22,4,41584,3534640,Highway,4,Highway,Medium,Clear,274,,150,8,276,8,5,Moderate wear,Worn,Expert,High,4,20,Sport,Steel,Yes,Standard,No,Stage 1,Supercharger
Ford,F-150,Diesel,26,5,74797,6357745,Extreme Weather,15,Highway,Low,Clear,455,,193,8,169,5,5,Moderate wear,Worn,Intermediate,Medium,6,20,Sport,Alloy,Yes,Sport,No,Stock,None
BMW,3 Series,Petrol,38,4,68421,5815785,Highway,18,Off-road terrain,Medium,Rainy,349,,120,9,219,9,5,Moderate wear,Flat,Novice,Low,2,17,Luxury,Alloy,Yes,Reinforced,Yes,Stage 3,None
BMW,X5,Electric,39,4,37400,3179000,Extreme Weather,26,Highway,Medium,Rainy,480,,122,7,206,8,9,Poor,Flat,Novice,High,2,18,Classic,Steel,Yes,Reinforced,No,Stage 1,None
Ford,F-150,Diesel,38,5,40914,3477690,Urban,12,Highway,Medium,Clear,221,,129,9,202,6,8,Well-maintained,Flat,Intermediate,Medium,10,19,Classic,Alloy,No,Reinforced,Yes,Stage 1,None
BMW,X5,Diesel,37,4,49412,4200020,Heavy Traffic,24,Off-road terrain,Medium,Clear,400,,153,9,214,8,6,Well-maintained,New,Intermediate,High,5,17,Classic,Carbon Fiber,No,Standard,Yes,Stage 2,None
Ford,Mustang,Petrol,26,4,22663,1926355,Heavy Traffic,6,Highway,High,Snowy,305,,181,6,151,9,6,Moderate wear,Flat,Intermediate,High,5,20,Classic,Alloy,No,Reinforced,Yes,Stage 1,Supercharger
Mercedes,E-Class,Petrol,21,5,51085,4342225,Off-Road,9,Highway,High,Rainy,189,,127,9,248,8,9,Moderate wear,New,Expert,Medium,5,19,Sport,Steel,No,Standard,Yes,Stage 1,None
Mercedes,E-Class,Petrol,18,4,71660,6091100,Heavy Traffic,17,Off-road terrain,Medium,Clear,253,,179,8,202,6,5,Moderate wear,New,Novice,High,5,20,Classic,Carbon Fiber,Yes,Standard,No,Stage 2,None
Hyundai,Kona EV,Petrol,27,4,68353,5810005,Extreme Weather,7,Off-road terrain,Medium,Snowy,207,,177,8,191,8,9,Well-maintained,Flat,Novice,High,3,21,Classic,Steel,Yes,Reinforced,No,Stage 3,None
Ford,F-150,Diesel,24,5,28412,2415020,Urban,13,Highway,High,Snowy,153,,194,7,229,8,5,Poor,Worn,Novice,Low,9,20,Sport,Steel,No,Sport,No,Stage 3,None
Mercedes,E-Class,Electric,27,5,28417,2415445,Highway,8,City streets,Low,Snowy,356,,127,7,229,8,8,Well-maintained,Worn,Intermediate,High,7,17,Sport,Steel,No,Reinforced,No,Stock,None
Ford,F-150,Electric,20,4,68885,5855225,Off-Road,33,Highway,Low,Snowy,299,,103,6,208,5,8,Poor,Flat,Intermediate,High,8,19,Luxury,Carbon Fiber,No,Sport,Yes,Stock,Supercharger
Hyundai,Sonata,Diesel,27,4,41168,3499280,Off-Road,20,City streets,High,Snowy,176,,167,9,262,6,5,Moderate wear,Flat,Novice,Low,5,20,Classic,Carbon Fiber,Yes,Sport,Yes,Stage 1,Turbo
BMW,X5,Diesel,30,4,64980,5523300,Extreme Weather,14,Off-road terrain,High,Snowy,314,,120,8,294,6,9,Well-maintained,Flat,Intermediate,High,2,18,Off-road,Alloy,Yes,Standard,Yes,Stock,None
Hyundai,Kona EV,Petrol,16,5,48408,4114680,Extreme Weather,-2,Off-road terrain,Medium,Snowy,474,,154,7,191,5,9,Poor,New,Intermediate,Medium,10,19,Classic,Carbon Fiber,Yes,Sport,No,Stage 2,None
Hyundai,Sonata,Petrol,35,5,75899,6451415,Extreme Weather,33,Highway,Low,Snowy,198,,108,6,218,6,5,Moderate wear,Flat,Novice,Medium,3,19,Classic,Steel,No,Standard,No,Stage 1,Turbo
BMW,3 Series,Diesel,18,5,69597,5915745,Urban,23,Off-road terrain,Low,Clear,257,,109,8,155,5,5,Poor,Worn,Expert,High,8,18,Luxury,Carbon Fiber,Yes,Standard,No,Stage 1,Supercharger
Hyundai,Sonata,Diesel,20,4,64548,5486580,Extreme Weather,15,Highway,High,Rainy,206,,192,8,277,5,5,Well-maintained,Flat,Intermediate,High,3,17,Sport,Steel,Yes,Reinforced,No,Stage 2,None
Toyota,Camry,Electric,35,4,73228,6224380,Off-Road,14,City streets,Medium,Clear,333,,154,9,264,9,9,Well-maintained,Flat,Novice,High,2,20,Luxury,Carbon Fiber,Yes,Reinforced,Yes,Stage 2,Supercharger
Tesla,Model S,Electric,18,5,45616,3877360,Highway,21,Off-road terrain,Medium,Rainy,168,,116,6,266,7,5,Poor,New,Intermediate,High,5,20,Classic,Carbon Fiber,No,Standard,No,Stage 3,None
Hyundai,Kona EV,Petrol,24,5,70839,6021315,Extreme Weather,8,City streets,Medium,Clear,206,,182,9,166,7,7,Poor,New,Novice,Low,9,21,Sport,Alloy,Yes,Sport,No,Stage 2,None
BMW,3 Series,Electric,31,5,76530,6505050,Extreme Weather,6,City streets,Low,Clear,258,,100,7,196,7,7,Moderate wear,Flat,Intermediate,Medium,2,21,Off-road,Steel,No,Reinforced,Yes,Stage 2,Turbo
Tesla,Model S,Diesel,21,4,47445,4032825,Urban,25,Highway,Medium,Clear,187,,158,8,286,7,5,Moderate wear,Flat,Expert,Low,2,18,Luxury,Steel,No,Reinforced,No,Stock,None
Mercedes,GLE,Electric,28,4,34744,2953240,Extreme Weather,22,Highway,High,Rainy,299,,130,8,197,8,9,Moderate wear,Flat,Expert,High,1,18,Luxury,Alloy,No,Standard,Yes,Stage 1,None
Toyota,Corolla,Petrol,16,4,47433,4031805,Extreme Weather,32,Off-road terrain,Medium,Rainy,223,,178,7,257,6,5,Poor,Worn,Novice,Low,3,17,Luxury,Carbon Fiber,Yes,Sport,No,Stage 3,None
BMW,X5,Diesel,20,5,32601,2771085,Highway,28,Off-road terrain,Medium,Rainy,327,,131,8,152,6,7,Poor,New,Novice,High,7,18,Sport,Carbon Fiber,Yes,Standard,Yes,Stage 2,Turbo
Mercedes,GLE,Electric,24,5,57939,4924815,Highway,0,Off-road terrain,Low,Rainy,368,,176,8,170,8,7,Poor,Flat,Novice,High,8,18,Luxury,Alloy,No,Standard,Yes,Stage 2,None
Hyundai,Sonata,Petrol,31,4,20845,1771825,Extreme Weather,7,Off-road terrain,Medium,Clear,381,,198,6,151,5,9,Moderate wear,Flat,Expert,Medium,6,20,Sport,Alloy,No,Standard,No,Stage 2,Supercharger
Tesla,Model S,Diesel,23,4,34419,2925615,Off-Road,33,Off-road terrain,Low,Snowy,462,,152,6,161,9,6,Well-maintained,New,Intermediate,High,3,18,Classic,Carbon Fiber,Yes,Standard,Yes,Stage 2,None
Tesla,Model 3,Electric,25,5,46505,3952925,Heavy Traffic,28,Off-road terrain,High,Rainy,386,,170,6,215,5,8,Well-maintained,Worn,Intermediate,High,7,18,Luxury,Carbon Fiber,Yes,Reinforced,No,Stage 1,None
Toyota,Corolla,Petrol,36,5,73997,6289745,Off-Road,0,Highway,Medium,Rainy,489,,188,8,262,9,9,Well-maintained,New,Intermediate,Medium,5,21,Sport,Carbon Fiber,Yes,Reinforced,Yes,Stage 2,Supercharger
Ford,Mustang,Diesel,30,5,78175,6644875,Heavy Traffic,4,Off-road terrain,Medium,Clear,449,,181,8,165,7,6,Moderate wear,Worn,Novice,High,5,18,Luxury,Alloy,Yes,Sport,Yes,Stage 3,None
BMW,X5,Electric,35,5,77241,6565485,Heavy Traffic,1,Highway,High,Clear,336,,137,6,202,6,7,Well-maintained,New,Intermediate,High,10,20,Off-road,Carbon Fiber,No,Sport,Yes,Stage 1,Supercharger
Tesla,Model S,Electric,25,4,32316,2746860,Extreme Weather,5,City streets,Medium,Rainy,170,,138,8,251,6,7,Poor,Flat,Intermediate,Low,1,21,Luxury,Steel,Yes,Reinforced,No,Stage 3,Turbo
Tesla,Model S,Petrol,33,5,76805,6528425,Extreme Weather,14,Off-road terrain,High,Snowy,359,,163,7,218,5,6,Moderate wear,Worn,Novice,Low,10,17,Classic,Alloy,Yes,Reinforced,No,Stock,Supercharger
Ford,Mustang,Petrol,28,5,35173,2989705,Extreme Weather,-3,Highway,Low,Rainy,367,,160,6,239,8,6,Well-maintained,Worn,Expert,Low,1,18,Sport,Steel,Yes,Reinforced,Yes,Stage 1,Supercharger
Mercedes,E-Class,Electric,20,4,28399,2413915,Extreme Weather,15,Highway,Medium,Snowy,239,,157,7,251,5,7,Well-maintained,New,Expert,Medium,5,17,Off-road,Steel,No,Sport,No,Stage 3,None
Tesla,Model 3,Diesel,24,5,69756,5929260,Heavy Traffic,3,Off-road terrain,Medium,Rainy,434,,179,9,233,9,9,Moderate wear,Flat,Expert,High,8,18,Sport,Steel,Yes,Reinforced,No,Stock,Turbo
Mercedes,GLE,Electric,38,5,30464,2589440,Extreme Weather,3,City streets,High,Rainy,239,,128,8,198,7,8,Poor,New,Novice,Medium,7,17,Luxury,Alloy,Yes,Reinforced,No,Stock,None
Ford,Mustang,Diesel,15,4,30776,2615960,Urban,3,City streets,High,Snowy,236,,173,7,274,7,9,Moderate wear,Worn,Novice,Medium,10,21,Off-road,Alloy,No,Standard,Yes,Stage 1,None
Ford,Mustang,Petrol,31,5,41015,3486275,Highway,14,City streets,Low,Rainy,400,,100,6,265,9,5,Poor,Flat,Intermediate,Low,8,21,Classic,Alloy,Yes,Standard,Yes,Stock,Turbo
Hyundai,Kona EV,Diesel,31,5,79927,6793795,Extreme Weather,4,Off-road terrain,High,Clear,392,,153,8,293,5,6,Poor,New,Expert,Medium,3,21,Classic,Alloy,Yes,Standard,Yes,Stage 2,Supercharger
BMW,X5,Petrol,24,5,74225,6309125,Heavy Traffic,28,Off-road terrain,Low,Snowy,327,,186,8,208,7,8,Poor,New,Intermediate,High,5,21,Classic,Steel,No,Reinforced,Yes,Stage 1,None
Ford,F-150,Petrol,30,4,25147,2137495,Extreme Weather,7,City streets,High,Rainy,435,,153,9,229,6,7,Well-maintained,New,Expert,Medium,8,18,Luxury,Alloy,No,Sport,Yes,Stock,None
Tesla,Model S,Petrol,32,4,46691,3968735,Extreme Weather,30,City streets,Medium,Clear,318,,117,7,215,9,8,Poor,Flat,Expert,High,6,20,Classic,Alloy,No,Standard,No,Stage 2,None
Ford,F-150,Electric,28,5,26093,2217905,Urban,31,Highway,Medium,Snowy,208,,196,8,252,6,7,Moderate wear,Flat,Novice,Low,5,18,Classic,Alloy,Yes,Reinforced,No,Stock,Turbo
Ford,Mustang,Electric,24,5,57899,4921415,Extreme Weather,29,City streets,Low,Clear,181,,173,8,230,9,9,Moderate wear,New,Novice,High,4,20,Sport,Carbon Fiber,No,Sport,No,Stock,None
BMW,3 Series,Petrol,29,4,41400,3519000,Urban,9,Highway,Medium,Rainy,498,,103,7,224,7,7,Moderate wear,Worn,Intermediate,Medium,10,21,Luxury,Carbon Fiber,Yes,Standard,Yes,Stage 3,None
Ford,Mustang,Petrol,15,4,77804,6613340,Extreme Weather,-2,Off-road terrain,Medium,Rainy,241,,151,6,157,8,6,Well-maintained,Worn,Novice,Low,9,18,Off-road,Carbon Fiber,Yes,Reinforced,No,Stage 1,Supercharger
Ford,Mustang,Electric,23,4,45628,3878380,Urban,-3,Highway,Low,Rainy,211,,102,7,217,5,7,Well-maintained,Flat,Expert,Low,7,19,Sport,Alloy,Yes,Sport,No,Stock,Supercharger
Toyota,Camry,Petrol,28,4,36363,3090855,Heavy Traffic,-4,Highway,Low,Rainy,218,,157,7,193,6,7,Poor,New,Intermediate,High,7,19,Classic,Carbon Fiber,Yes,Standard,No,Stage 1,None
Hyundai,Kona EV,Electric,25,4,74469,6329865,Off-Road,6,City streets,Medium,Clear,295,,184,9,253,8,8,Moderate wear,New,Expert,Medium,2,19,Classic,Carbon Fiber,Yes,Sport,No,Stage 2,Supercharger
Tesla,Model S,Diesel,19,5,78696,6689160,Heavy Traffic,14,City streets,High,Rainy,480,,178,9,221,7,7,Moderate wear,Flat,Intermediate,Low,2,20,Off-road,Steel,Yes,Reinforced,No,Stage 1,Turbo
Ford,F-150,Petrol,21,5,67058,5699930,Extreme Weather,27,Off-road terrain,High,Clear,175,,195,9,221,9,6,Well-maintained,New,Novice,Medium,5,18,Classic,Steel,Yes,Reinforced,No,Stock,Turbo
Hyundai,Sonata,Electric,30,5,21770,1850450,Heavy Traffic,12,Highway,Low,Clear,354,,138,6,279,5,6,Moderate wear,Worn,Intermediate,Low,9,17,Sport,Steel,No,Reinforced,Yes,Stage 1,Turbo
BMW,3 Series,Diesel,26,4,34485,2931225,Urban,0,Highway,High,Snowy,248,,113,7,200,6,5,Well-maintained,New,Novice,Medium,5,20,Off-road,Alloy,Yes,Reinforced,No,Stage 2,None
Tesla,Model S,Petrol,17,4,33362,2835770,Extreme Weather,28,Off-road terrain,Medium,Rainy,269,,158,7,296,7,6,Poor,New,Novice,Low,9,18,Classic,Carbon Fiber,No,Sport,Yes,Stage 3,Supercharger
Hyundai,Kona EV,Electric,30,4,77676,6602460,Heavy Traffic,-4,City streets,Low,Clear,173,,198,7,249,7,6,Moderate wear,New,Expert,Medium,10,17,Luxury,Alloy,Yes,Sport,No,Stage 1,Supercharger
Toyota,Corolla,Electric,33,4,70390,5983150,Highway,-4,Highway,High,Clear,381,,125,6,227,5,5,Well-maintained,Flat,Intermediate,Medium,2,20,Sport,Steel,No,Standard,No,Stage 2,None
Toyota,Camry,Petrol,31,5,60297,5125245,Heavy Traffic,0,Off-road terrain,Low,Clear,276,,139,7,280,8,8,Moderate wear,Worn,Intermediate,Low,5,20,Off-road,Steel,No,Standard,Yes,Stock,None
Toyota,Corolla,Electric,28,4,56766,4825110,Off-Road,27,Off-road terrain,Medium,Clear,314,,191,9,180,7,5,Moderate wear,New,Expert,Low,2,17,Sport,Steel,No,Standard,Yes,Stage 3,Supercharger
Mercedes,E-Class,Petrol,16,5,49715,4225775,Highway,32,Highway,Low,Clear,270,,131,7,216,5,5,Poor,New,Novice,Low,9,19,Classic,Steel,No,Standard,No,Stage 1,Supercharger
Toyota,Corolla,Petrol,36,4,68998,5864830,Off-Road,7,City streets,High,Rainy,458,,183,8,218,5,6,Moderate wear,New,Novice,Medium,7,20,Sport,Carbon Fiber,No,Standard,No,Stage 1,Supercharger
Toyota,Camry,Diesel,29,4,30929,2628965,Extreme Weather,7,Off-road terrain,Medium,Clear,441,,162,6,223,6,5,Moderate wear,Flat,Intermediate,High,7,18,Off-road,Carbon Fiber,No,Sport,No,Stock,None
Tesla,Model 3,Petrol,39,5,51501,4377585,Highway,9,City streets,Low,Rainy,426,,116,8,206,7,5,Moderate wear,Worn,Novice,Medium,3,18,Off-road,Carbon Fiber,Yes,Sport,Yes,Stage 1,Supercharger
Mercedes,E-Class,Electric,15,5,27910,2372350,Heavy Traffic,34,Highway,Low,Rainy,338,,153,6,168,7,7,Well-maintained,Worn,Novice,Medium,10,19,Off-road,Steel,Yes,Sport,No,Stage 1,None
Mercedes,E-Class,Petrol,30,4,53798,4572830,Off-Road,10,Off-road terrain,Medium,Rainy,161,,134,6,170,6,7,Well-maintained,New,Intermediate,Low,4,21,Sport,Steel,Yes,Sport,No,Stage 2,Turbo
Toyota,Camry,Petrol,37,5,46579,3959215,Urban,0,Off-road terrain,Low,Clear,406,,169,6,175,5,6,Moderate wear,Flat,Intermediate,Low,10,18,Off-road,Steel,No,Standard,No,Stage 1,None
Tesla,Model S,Petrol,36,4,64451,5478335,Heavy Traffic,18,City streets,High,Rainy,496,,124,8,181,8,6,Moderate wear,Worn,Novice,Medium,9,17,Classic,Steel,Yes,Sport,Yes,Stage 2,Supercharger
BMW,X5,Diesel,25,5,57789,4912065,Extreme Weather,22,Off-road terrain,High,Rainy,436,,148,9,249,7,8,Poor,Flat,Expert,High,5,18,Luxury,Steel,No,Reinforced,No,Stage 2,Turbo
Mercedes,GLE,Diesel,20,5,79635,6768975,Off-Road,-2,Highway,Medium,Rainy,428,,158,7,264,7,8,Moderate wear,Flat,Novice,Low,5,20,Luxury,Carbon Fiber,No,Sport,No,Stock,Supercharger
Ford,F-150,Diesel,26,5,29096,2473160,Highway,29,Off-road terrain,High,Rainy,472,,152,8,227,8,7,Poor,New,Novice,Medium,3,19,Sport,Steel,Yes,Sport,Yes,Stage 2,None
Hyundai,Sonata,Electric,39,5,62243,5290655,Extreme Weather,22,Highway,Low,Rainy,250,,120,7,295,5,7,Well-maintained,New,Expert,Low,2,17,Luxury,Steel,No,Sport,No,Stage 1,Supercharger
Hyundai,Kona EV,Diesel,28,5,44982,3823470,Off-Road,23,City streets,High,Clear,307,,180,9,219,7,7,Moderate wear,New,Intermediate,Medium,8,19,Sport,Carbon Fiber,No,Reinforced,No,Stock,None
Tesla,Model 3,Petrol,16,4,64007,5440595,Urban,1,Off-road terrain,Low,Rainy,383,,134,9,242,6,8,Poor,Worn,Intermediate,Medium,8,21,Off-road,Carbon Fiber,Yes,Reinforced,No,Stage 1,None
Ford,Mustang,Electric,29,5,53760,4569600,Heavy Traffic,28,Highway,High,Clear,431,,156,6,156,8,8,Poor,Worn,Novice,Medium,6,18,Off-road,Carbon Fiber,Yes,Reinforced,Yes,Stage 2,None
BMW,3 Series,Electric,24,4,53988,4588980,Highway,-3,Off-road terrain,High,Clear,399,,119,8,273,7,7,Poor,Flat,Expert,High,7,17,Sport,Alloy,Yes,Reinforced,No,Stage 1,Supercharger
Hyundai,Kona EV,Diesel,24,4,62098,5278330,Highway,12,City streets,Low,Snowy,430,,177,9,174,7,7,Moderate wear,Flat,Expert,Low,5,20,Sport,Carbon Fiber,Yes,Sport,No,Stage 3,Supercharger
Tesla,Model S,Electric,26,5,58756,4994260,Urban,12,Off-road terrain,Medium,Rainy,459,,105,8,272,6,5,Poor,Worn,Novice,High,10,20,Classic,Alloy,No,Reinforced,No,Stage 2,Turbo
Ford,Mustang,Petrol,15,4,70411,5984935,Heavy Traffic,34,City streets,High,Rainy,384,,132,7,189,9,5,Moderate wear,New,Intermediate,Medium,9,17,Luxury,Steel,Yes,Sport,Yes,Stage 1,Turbo
Tesla,Model 3,Diesel,36,5,74011,6290935,Heavy Traffic,18,Highway,Medium,Rainy,288,,147,9,188,7,7,Well-maintained,Worn,Intermediate,Medium,5,21,Luxury,Steel,Yes,Standard,No,Stock,None
Tesla,Model 3,Electric,15,5,56526,4804710,Highway,10,City streets,Low,Snowy,262,,192,6,298,6,9,Well-maintained,Worn,Intermediate,Low,9,18,Classic,Steel,Yes,Reinforced,Yes,Stage 1,Supercharger
Mercedes,E-Class,Electric,17,4,64553,5487005,Extreme Weather,3,City streets,Low,Clear,161,,109,6,160,8,9,Moderate wear,Worn,Expert,High,8,17,Luxury,Carbon Fiber,No,Reinforced,Yes,Stage 1,Supercharger
Hyundai,Kona EV,Electric,18,4,25534,2170390,Heavy Traffic,32,Off-road terrain,High,Rainy,457,,179,8,171,9,7,Well-maintained,Worn,Novice,Low,7,17,Luxury,Carbon Fiber,Yes,Standard,Yes,Stage 3,Supercharger
BMW,X5,Electric,16,4,40719,3461115,Off-Road,20,City streets,Low,Snowy,482,,154,8,185,5,8,Well-maintained,Worn,Novice,Low,2,21,Classic,Steel,Yes,Standard,Yes,Stage 2,Turbo
BMW,3 Series,Electric,23,5,37952,3225920,Off-Road,14,Highway,Low,Snowy,172,,171,9,261,7,5,Well-maintained,Flat,Novice,High,5,19,Sport,Steel,Yes,Standard,Yes,Stock,Turbo
Ford,F-150,Electric,17,5,77442,6582570,Heavy Traffic,33,Off-road terrain,Medium,Clear,211,,138,6,268,6,5,Poor,New,Intermediate,High,10,20,Off-road,Alloy,No,Standard,No,Stage 2,Supercharger
BMW,3 Series,Diesel,30,4,63642,5409570,Off-Road,23,Highway,Low,Snowy,168,,107,7,187,9,9,Well-maintained,Worn,Expert,Low,1,17,Off-road,Alloy,Yes,Sport,No,Stock,Turbo
Toyota,Corolla,Electric,34,5,36607,3111595,Highway,0,Highway,High,Clear,312,,197,7,211,9,6,Well-maintained,Worn,Intermediate,Medium,10,17,Sport,Alloy,Yes,Reinforced,No,Stage 3,Supercharger
Toyota,Camry,Electric,30,5,71990,6119150,Heavy Traffic,3,Highway,High,Rainy,195,,121,9,157,7,8,Poor,Worn,Expert,High,2,21,Off-road,Carbon Fiber,No,Reinforced,Yes,Stock,Turbo
Ford,F-150,Electric,36,4,25153,2138005,Urban,1,Highway,Low,Snowy,467,,122,7,205,5,9,Poor,Flat,Intermediate,Medium,1,18,Classic,Carbon Fiber,No,Sport,Yes,Stock,Turbo
BMW,3 Series,Petrol,31,5,35187,2990895,Extreme Weather,12,City streets,High,Rainy,377,,162,8,287,7,7,Well-maintained,Worn,Expert,Medium,4,21,Luxury,Alloy,No,Standard,Yes,Stage 3,None
Mercedes,E-Class,Electric,30,4,30420,2585700,Extreme Weather,13,Off-road terrain,Medium,Clear,349,,117,9,188,5,5,Well-maintained,Worn,Expert,Medium,7,20,Luxury,Steel,No,Reinforced,No,Stage 2,Turbo
Toyota,Corolla,Petrol,31,4,45112,3834520,Extreme Weather,1,Off-road terrain,Medium,Clear,242,,193,8,271,7,5,Poor,Flat,Novice,High,7,20,Luxury,Carbon Fiber,Yes,Standard,No,Stage 1,Turbo
Tesla,Model 3,Petrol,27,4,62438,5307230,Heavy Traffic,5,Off-road terrain,Low,Snowy,180,,101,8,164,5,7,Moderate wear,Flat,Expert,High,2,17,Classic,Alloy,No,Standard,Yes,Stage 3,None
Mercedes,GLE,Petrol,22,4,42139,3581815,Heavy Traffic,13,Off-road terrain,Medium,Clear,226,,165,6,210,6,5,Poor,Flat,Intermediate,Low,7,17,Luxury,Steel,No,Reinforced,No,Stock,Supercharger
Ford,F-150,Diesel,23,5,73412,6240020,Extreme Weather,22,Highway,High,Rainy,302,,196,8,264,6,6,Poor,New,Novice,High,5,19,Classic,Carbon Fiber,Yes,Sport,No,Stock,Supercharger
BMW,X5,Diesel,28,4,61758,5249430,Extreme Weather,21,City streets,High,Snowy,242,,135,6,202,5,9,Well-maintained,Worn,Expert,Medium,5,18,Luxury,Alloy,No,Sport,Yes,Stage 1,Turbo
BMW,3 Series,Petrol,21,5,56854,4832590,Extreme Weather,19,Highway,High,Clear,310,,113,9,230,9,8,Well-maintained,Flat,Novice,Low,1,19,Luxury,Alloy,No,Reinforced,No,Stage 3,Supercharger
Ford,F-150,Diesel,19,4,26256,2231760,Extreme Weather,21,City streets,Low,Rainy,367,,176,8,270,7,7,Poor,New,Intermediate,Low,1,18,Luxury,Steel,No,Sport,No,Stock,Supercharger
Toyota,Corolla,Electric,20,5,41217,3503445,Urban,4,Highway,High,Snowy,365,,175,8,268,7,6,Well-maintained,New,Novice,Medium,1,20,Off-road,Carbon Fiber,No,Sport,Yes,Stock,None
Hyundai,Kona EV,Petrol,20,4,64999,5524915,Urban,18,Highway,Low,Clear,395,,198,7,209,8,6,Moderate wear,Flat,Intermediate,Medium,7,21,Off-road,Alloy,Yes,Standard,No,Stage 2,Turbo
Tesla,Model 3,Petrol,37,4,31688,2693480,Extreme Weather,18,City streets,High,Snowy,402,,109,9,279,7,7,Poor,Worn,Expert,Low,4,17,Sport,Carbon Fiber,No,Sport,Yes,Stock,Supercharger
BMW,3 Series,Diesel,22,5,40369,3431365,Urban,12,City streets,Medium,Rainy,233,,197,8,220,6,9,Poor,New,Intermediate,High,3,20,Luxury,Alloy,No,Reinforced,No,Stage 2,None
Ford,F-150,Electric,15,4,51115,4344775,Extreme Weather,16,Highway,Low,Clear,429,,113,9,173,8,9,Well-maintained,Worn,Intermediate,Medium,6,17,Luxury,Alloy,Yes,Sport,No,Stage 1,Turbo
Hyundai,Sonata,Electric,36,5,54332,4618220,Urban,31,City streets,Medium,Snowy,444,,141,9,178,7,7,Moderate wear,Flat,Intermediate,Medium,10,19,Off-road,Alloy,Yes,Sport,Yes,Stage 1,Turbo
Hyundai,Kona EV,Electric,38,4,72476,6160460,Highway,-4,City streets,Medium,Rainy,380,,170,9,240,5,6,Moderate wear,New,Novice,High,4,18,Classic,Steel,No,Reinforced,Yes,Stock,Turbo
Mercedes,E-Class,Petrol,21,4,50869,4323865,Extreme Weather,12,Highway,High,Clear,350,,105,8,197,9,5,Poor,New,Expert,Low,6,21,Luxury,Alloy,No,Sport,Yes,Stage 1,Supercharger
Mercedes,E-Class,Diesel,29,5,28572,2428620,Urban,27,Highway,Medium,Rainy,169,,159,7,256,5,6,Well-maintained,New,Novice,High,2,17,Sport,Carbon Fiber,No,Sport,No,Stage 2,None
Mercedes,E-Class,Diesel,24,5,71739,6097815,Highway,29,City streets,High,Clear,470,,141,6,286,8,7,Well-maintained,New,Novice,Medium,6,20,Classic,Carbon Fiber,Yes,Sport,No,Stage 2,Supercharger
Toyota,Corolla,Electric,31,4,36246,3080910,Extreme Weather,28,Off-road terrain,Low,Clear,374,,150,9,219,9,6,Well-maintained,Worn,Novice,Medium,4,21,Sport,Alloy,Yes,Reinforced,Yes,Stage 1,None
BMW,X5,Diesel,24,4,65771,5590535,Highway,10,Off-road terrain,Medium,Clear,250,,128,8,231,6,6,Poor,Worn,Novice,Low,5,19,Classic,Carbon Fiber,Yes,Standard,No,Stage 2,Turbo
Toyota,Corolla,Diesel,24,5,49217,4183445,Extreme Weather,27,Highway,High,Clear,331,,183,6,226,5,9,Poor,New,Expert,Low,1,21,Sport,Carbon Fiber,Yes,Standard,Yes,Stock,Supercharger
Toyota,Camry,Electric,23,4,63106,5364010,Heavy Traffic,25,City streets,High,Rainy,159,,107,6,208,6,9,Moderate wear,Worn,Expert,High,4,20,Luxury,Carbon Fiber,No,Reinforced,No,Stock,None
Toyota,Camry,Diesel,16,5,50984,4333640,Heavy Traffic,16,Off-road terrain,Medium,Clear,192,,173,7,171,6,6,Moderate wear,Worn,Intermediate,High,5,20,Classic,Carbon Fiber,No,Sport,Yes,Stage 2,None
Ford,F-150,Diesel,35,4,79538,6760730,Heavy Traffic,32,Off-road terrain,High,Rainy,448,,119,9,170,6,5,Moderate wear,Worn,Intermediate,Medium,9,21,Luxury,Carbon Fiber,Yes,Sport,No,Stage 3,None
Hyundai,Sonata,Petrol,31,4,47331,4023135,Highway,20,Off-road terrain,High,Snowy,424,,150,6,219,9,7,Moderate wear,New,Expert,Low,10,21,Sport,Steel,No,Standard,Yes,Stock,Turbo
Hyundai,Sonata,Diesel,39,5,60931,5179135,Off-Road,17,Off-road terrain,Low,Snowy,471,,165,9,222,8,9,Poor,New,Novice,Low,5,18,Classic,Steel,No,Reinforced,No,Stage 2,None
Hyundai,Kona EV,Diesel,23,4,39381,3347385,Off-Road,34,Highway,Low,Clear,342,,173,8,281,7,6,Poor,Flat,Intermediate,Medium,1,18,Sport,Steel,Yes,Reinforced,No,Stage 1,None
Tesla,Model 3,Petrol,16,5,74545,6336325,Off-Road,14,Off-road terrain,Medium,Clear,459,,130,7,253,6,6,Moderate wear,Worn,Novice,Low,3,19,Luxury,Carbon Fiber,Yes,Sport,No,Stage 1,None
BMW,3 Series,Electric,23,5,40707,3460095,Off-Road,11,Highway,High,Snowy,339,,193,6,288,8,7,Well-maintained,Flat,Intermediate,Low,4,17,Classic,Steel,Yes,Sport,No,Stage 3,Turbo
BMW,X5,Electric,27,4,29967,2547195,Extreme Weather,21,City streets,High,Rainy,222,,103,9,222,9,6,Moderate wear,Worn,Novice,Low,10,18,Luxury,Alloy,No,Standard,No,Stage 1,None
Tesla,Model 3,Petrol,36,4,79931,6794135,Off-Road,-4,Highway,Medium,Clear,354,,157,6,291,9,8,Poor,New,Novice,Medium,2,17,Luxury,Steel,Yes,Sport,Yes,Stock,Turbo
Toyota,Camry,Petrol,31,4,51759,4399515,Off-Road,8,Off-road terrain,Low,Snowy,212,,161,8,198,7,5,Moderate wear,Flat,Expert,Medium,7,20,Sport,Carbon Fiber,No,Reinforced,Yes,Stage 2,Supercharger
Hyundai,Kona EV,Diesel,36,5,41774,3550790,Urban,32,Highway,Low,Clear,224,,128,8,201,5,7,Moderate wear,Worn,Novice,High,9,18,Luxury,Steel,Yes,Standard,Yes,Stage 3,Supercharger
Ford,F-150,Petrol,17,4,53039,4508315,Heavy Traffic,9,City streets,Medium,Snowy,251,,153,7,185,6,5,Moderate wear,Flat,Intermediate,High,7,18,Luxury,Carbon Fiber,No,Reinforced,Yes,Stock,Supercharger
Toyota,Corolla,Electric,29,5,54898,4666330,Urban,23,Off-road terrain,High,Snowy,225,,129,9,280,5,6,Well-maintained,Flat,Intermediate,Medium,7,21,Sport,Carbon Fiber,No,Reinforced,No,Stage 3,Supercharger
Tesla,Model S,Electric,32,4,27219,2313615,Urban,11,Highway,Low,Clear,340,,150,6,290,9,7,Moderate wear,New,Expert,High,10,21,Sport,Steel,Yes,Standard,Yes,Stage 1,Supercharger
BMW,3 Series,Electric,34,4,77745,6608325,Urban,24,City streets,High,Clear,174,,111,6,174,7,5,Moderate wear,Worn,Intermediate,Low,9,17,Classic,Alloy,No,Reinforced,Yes,Stage 1,None
Tesla,Model 3,Petrol,17,5,30055,2554675,Urban,-1,City streets,Low,Rainy,296,,122,6,267,6,5,Moderate wear,Worn,Intermediate,High,10,21,Off-road,Steel,No,Sport,No,Stage 1,None
Ford,F-150,Diesel,16,5,41686,3543310,Highway,9,Off-road terrain,Medium,Snowy,432,,173,8,221,8,8,Moderate wear,Flat,Novice,Medium,1,20,Off-road,Steel,Yes,Standard,Yes,Stock,Supercharger
BMW,3 Series,Diesel,16,5,51958,4416430,Urban,26,Off-road terrain,Low,Clear,301,,187,8,164,6,5,Poor,New,Novice,High,10,18,Sport,Carbon Fiber,No,Sport,No,Stage 1,None
Mercedes,GLE,Electric,26,5,58640,4984400,Heavy Traffic,0,City streets,Medium,Rainy,479,,153,9,228,6,5,Moderate wear,Worn,Novice,Low,5,17,Classic,Alloy,Yes,Reinforced,No,Stock,None
Tesla,Model 3,Petrol,21,5,31319,2662115,Off-Road,6,Off-road terrain,Low,Snowy,241,,122,8,258,9,8,Moderate wear,Flat,Intermediate,Medium,1,18,Sport,Steel,Yes,Standard,No,Stage 3,Supercharger
Hyundai,Sonata,Diesel,21,4,78182,6645470,Urban,20,Highway,Medium,Rainy,437,,185,7,206,9,5,Poor,Flat,Novice,High,10,20,Luxury,Alloy,Yes,Standard,Yes,Stock,Supercharger
Tesla,Model S,Electric,27,4,73112,6214520,Urban,29,Off-road terrain,Medium,Clear,437,,151,8,267,6,7,Poor,Worn,Expert,Medium,4,20,Classic,Alloy,Yes,Standard,Yes,Stock,None
Toyota,Corolla,Diesel,38,4,58524,4974540,Extreme Weather,3,Off-road terrain,Low,Rainy,336,,169,7,241,6,9,Well-maintained,Flat,Expert,Low,5,21,Sport,Steel,Yes,Sport,No,Stage 1,None
Tesla,Model 3,Petrol,31,4,32779,2786215,Off-Road,30,Highway,Low,Rainy,217,,143,6,210,7,9,Moderate wear,New,Expert,Low,2,20,Luxury,Steel,No,Sport,Yes,Stage 3,Turbo
Toyota,Corolla,Diesel,15,5,22586,1919810,Urban,19,Highway,Medium,Rainy,338,,102,8,190,9,7,Poor,Worn,Intermediate,Low,8,20,Off-road,Steel,Yes,Sport,No,Stage 3,Supercharger
Ford,F-150,Diesel,21,5,78706,6690010,Highway,24,City streets,High,Rainy,360,,130,9,172,9,5,Poor,Flat,Novice,High,1,19,Luxury,Steel,Yes,Sport,No,Stage 1,Turbo
BMW,X5,Petrol,36,4,61996,5269660,Off-Road,5,City streets,Medium,Snowy,497,,123,6,222,6,8,Well-maintained,Worn,Intermediate,Low,1,17,Off-road,Steel,Yes,Standard,Yes,Stage 1,Turbo
Mercedes,E-Class,Petrol,29,5,39317,3341945,Extreme Weather,8,Highway,Low,Rainy,151,,123,7,213,8,6,Poor,New,Intermediate,Medium,7,19,Sport,Carbon Fiber,No,Standard,No,Stage 2,Turbo
Ford,F-150,Petrol,31,5,67409,5729765,Extreme Weather,16,Off-road terrain,Medium,Clear,313,,155,8,170,9,5,Poor,Flat,Intermediate,High,6,20,Sport,Carbon Fiber,Yes,Sport,No,Stage 2,None
Hyundai,Sonata,Electric,21,4,66029,5612465,Heavy Traffic,-1,Highway,Medium,Snowy,197,,173,7,230,9,8,Well-maintained,New,Novice,Low,1,17,Sport,Steel,No,Reinforced,No,Stock,Supercharger
Hyundai,Sonata,Electric,30,5,54600,4641000,Highway,24,City streets,Low,Clear,477,,148,8,205,5,8,Well-maintained,Worn,Novice,High,9,21,Off-road,Alloy,No,Standard,Yes,Stage 2,Turbo
Toyota,Camry,Electric,23,5,65371,5556535,Highway,23,Highway,Medium,Rainy,294,,159,7,210,5,5,Moderate wear,Flat,Expert,High,2,21,Sport,Steel,Yes,Sport,Yes,Stage 2,Turbo
BMW,X5,Diesel,34,5,24512,2083520,Highway,10,Off-road terrain,High,Clear,379,,123,6,267,6,5,Well-maintained,Worn,Novice,Medium,9,19,Sport,Alloy,Yes,Sport,Yes,Stage 1,Turbo
BMW,X5,Diesel,23,5,49369,4196365,Off-Road,25,Off-road terrain,Medium,Snowy,386,,198,6,210,9,6,Poor,Flat,Expert,High,4,18,Classic,Steel,No,Standard,No,Stage 1,None
BMW,3 Series,Electric,30,5,21509,1828265,Urban,16,City streets,High,Clear,264,,126,6,195,5,7,Well-maintained,Worn,Novice,Low,10,17,Luxury,Steel,No,Sport,Yes,Stock,None
Toyota,Corolla,Electric,16,4,38880,3304800,Highway,30,Off-road terrain,Low,Rainy,317,,137,6,286,9,7,Well-maintained,Flat,Intermediate,Medium,8,20,Off-road,Carbon Fiber,Yes,Standard,Yes,Stage 2,Supercharger
Tesla,Model 3,Petrol,33,5,35831,3045635,Highway,-3,Highway,Low,Clear,156,,108,8,203,6,9,Poor,Worn,Intermediate,Medium,1,17,Off-road,Steel,Yes,Sport,Yes,Stage 2,Turbo
Hyundai,Kona EV,Diesel,30,4,68926,5858710,Off-Road,8,City streets,High,Clear,424,,180,8,283,7,5,Well-maintained,Worn,Novice,Low,7,17,Sport,Carbon Fiber,Yes,Reinforced,No,Stage 3,Supercharger
Hyundai,Kona EV,Electric,31,5,65881,5599885,Heavy Traffic,18,Off-road terrain,Low,Snowy,239,,167,8,194,8,5,Well-maintained,Flat,Novice,Medium,4,17,Classic,Carbon Fiber,Yes,Sport,Yes,Stock,None
Tesla,Model S,Electric,35,4,66585,5659725,Urban,22,City streets,High,Rainy,409,,178,6,257,7,6,Poor,Worn,Expert,Medium,1,21,Luxury,Alloy,No,Sport,Yes,Stage 3,Turbo
Tesla,Model 3,Electric,39,5,31906,2712010,Heavy Traffic,-3,City streets,High,Rainy,249,,160,6,271,6,8,Well-maintained,Worn,Intermediate,Low,1,17,Sport,Steel,No,Sport,No,Stock,None
Hyundai,Kona EV,Petrol,35,5,77795,6612575,Off-Road,15,City streets,High,Snowy,431,,140,7,187,7,5,Well-maintained,Flat,Expert,Low,1,20,Classic,Steel,Yes,Sport,No,Stage 3,Turbo
BMW,X5,Petrol,20,4,75152,6387920,Off-Road,8,City streets,Low,Rainy,204,,150,7,178,9,5,Moderate wear,New,Novice,Medium,8,18,Classic,Carbon Fiber,Yes,Reinforced,Yes,Stage 2,Supercharger
Ford,F-150,Electric,27,4,24001,2040085,Heavy Traffic,22,Off-road terrain,High,Snowy,374,,197,6,218,7,9,Poor,Flat,Intermediate,High,7,20,Off-road,Alloy,No,Standard,No,Stage 1,None
Hyundai,Kona EV,Electric,19,5,42491,3611735,Highway,2,Off-road terrain,Medium,Clear,270,,168,7,271,6,5,Poor,Worn,Intermediate,High,1,19,Sport,Steel,No,Standard,Yes,Stage 1,Turbo
BMW,3 Series,Electric,34,5,37625,3198125,Heavy Traffic,17,Highway,Medium,Clear,191,,111,6,222,7,8,Poor,Worn,Novice,Medium,3,18,Sport,Steel,Yes,Standard,Yes,Stock,Turbo
Ford,Mustang,Diesel,21,4,57271,4868035,Heavy Traffic,3,City streets,Medium,Snowy,261,,120,8,238,7,5,Well-maintained,Flat,Intermediate,High,9,20,Sport,Carbon Fiber,No,Standard,Yes,Stage 1,Turbo
Toyota,Corolla,Electric,39,4,39945,3395325,Urban,23,Highway,Low,Rainy,345,,193,9,280,7,6,Moderate wear,New,Expert,High,9,21,Off-road,Alloy,No,Sport,Yes,Stock,None
Toyota,Corolla,Diesel,37,4,36226,3079210,Heavy Traffic,31,Off-road terrain,Low,Rainy,417,,110,9,221,5,8,Moderate wear,Worn,Expert,Medium,1,19,Classic,Steel,No,Sport,No,Stage 3,Supercharger
Ford,Mustang,Petrol,36,4,23130,1966050,Extreme Weather,27,Off-road terrain,Low,Snowy,414,,108,6,176,5,8,Well-maintained,New,Intermediate,High,1,18,Sport,Alloy,Yes,Reinforced,No,Stage 3,Turbo
Toyota,Camry,Petrol,36,4,57552,4891920,Urban,12,City streets,High,Snowy,285,,102,7,174,6,9,Poor,Flat,Intermediate,Medium,5,19,Classic,Alloy,Yes,Reinforced,Yes,Stock,Turbo
Toyota,Corolla,Petrol,23,4,58910,5007350,Highway,10,Off-road terrain,Medium,Clear,284,,177,8,212,5,7,Well-maintained,New,Novice,Low,9,21,Sport,Carbon Fiber,Yes,Standard,Yes,Stage 3,Supercharger
Mercedes,GLE,Electric,23,5,49048,4169080,Heavy Traffic,16,Highway,Low,Clear,359,,149,6,188,7,8,Well-maintained,New,Intermediate,Medium,3,19,Sport,Steel,No,Reinforced,Yes,Stage 2,Turbo
Mercedes,GLE,Electric,24,5,57820,4914700,Off-Road,17,Off-road terrain,Medium,Snowy,482,,115,6,247,9,9,Moderate wear,New,Expert,Medium,4,21,Sport,Alloy,No,Reinforced,No,Stage 3,None
Toyota,Corolla,Diesel,31,5,34677,2947545,Extreme Weather,7,Off-road terrain,Low,Rainy,417,,103,6,244,9,5,Poor,Worn,Expert,Low,8,19,Sport,Alloy,Yes,Standard,Yes,Stage 2,Turbo
Mercedes,E-Class,Petrol,24,5,75186,6390810,Urban,10,City streets,Medium,Rainy,442,,178,6,226,9,7,Moderate wear,Worn,Intermediate,Low,1,18,Classic,Carbon Fiber,Yes,Reinforced,No,Stock,Supercharger
Mercedes,E-Class,Electric,22,5,49250,4186250,Heavy Traffic,1,Off-road terrain,High,Clear,344,,192,7,252,6,7,Poor,New,Intermediate,High,10,21,Luxury,Alloy,Yes,Standard,No,Stage 1,None
BMW,X5,Electric,15,5,48584,4129640,Off-Road,20,City streets,Low,Snowy,154,,177,8,236,8,8,Poor,Flat,Intermediate,Medium,3,18,Sport,Carbon Fiber,No,Sport,Yes,Stock,None
Toyota,Corolla,Electric,20,4,28009,2380765,Heavy Traffic,25,City streets,High,Rainy,367,,165,6,226,7,6,Poor,New,Intermediate,High,2,17,Off-road,Alloy,Yes,Standard,Yes,Stock,None
Hyundai,Kona EV,Electric,22,5,53979,4588215,Off-Road,2,Highway,High,Clear,286,,189,7,229,9,9,Moderate wear,Flat,Expert,Medium,8,18,Off-road,Carbon Fiber,Yes,Sport,No,Stage 1,Supercharger
BMW,X5,Electric,24,5,54241,4610485,Highway,19,City streets,Medium,Snowy,398,,175,6,187,5,6,Well-maintained,Worn,Intermediate,High,2,18,Off-road,Alloy,No,Sport,No,Stock,None
Hyundai,Kona EV,Petrol,36,5,36571,3108535,Extreme Weather,1,City streets,Medium,Snowy,204,,156,6,196,9,5,Well-maintained,New,Intermediate,Low,7,19,Luxury,Alloy,Yes,Reinforced,Yes,Stage 3,Turbo
Ford,F-150,Diesel,26,5,57001,4845085,Heavy Traffic,-4,Highway,Low,Snowy,465,,146,9,156,7,9,Well-maintained,New,Novice,Low,3,18,Classic,Carbon Fiber,Yes,Sport,No,Stage 2,None
Mercedes,GLE,Electric,39,5,76091,6467735,Urban,0,Highway,High,Rainy,403,,196,9,173,9,5,Moderate wear,New,Expert,High,5,20,Off-road,Alloy,Yes,Reinforced,No,Stage 3,Turbo
BMW,3 Series,Electric,38,5,73232,6224720,Highway,12,City streets,Low,Snowy,180,,158,9,279,5,9,Poor,Flat,Expert,Medium,1,21,Off-road,Alloy,No,Sport,No,Stage 3,None
Ford,F-150,Petrol,26,4,30315,2576775,Highway,29,Off-road terrain,Low,Rainy,270,,167,6,233,6,8,Moderate wear,Worn,Novice,Low,1,21,Luxury,Steel,No,Sport,No,Stage 1,Turbo
Tesla,Model S,Diesel,16,4,66882,5684970,Urban,7,Off-road terrain,High,Rainy,260,,176,9,200,6,9,Well-maintained,Worn,Intermediate,High,7,19,Luxury,Steel,No,Standard,No,Stage 3,Supercharger
BMW,3 Series,Petrol,25,4,21391,1818235,Off-Road,7,City streets,High,Snowy,372,,179,7,274,8,5,Moderate wear,Worn,Intermediate,Medium,4,20,Luxury,Alloy,Yes,Standard,Yes,Stage 3,None
Toyota,Corolla,Electric,32,4,41392,3518320,Highway,-4,Off-road terrain,Medium,Snowy,153,,105,7,175,7,6,Well-maintained,Flat,Expert,High,6,18,Classic,Alloy,No,Reinforced,No,Stage 3,None
Tesla,Model 3,Electric,34,4,24925,2118625,Off-Road,21,Off-road terrain,High,Rainy,322,,134,9,252,9,5,Poor,New,Expert,Medium,1,18,Luxury,Alloy,Yes,Standard,Yes,Stage 2,Supercharger
Tesla,Model S,Petrol,37,5,67703,5754755,Heavy Traffic,10,City streets,High,Snowy,241,,146,9,187,7,7,Poor,New,Expert,High,1,17,Luxury,Steel,Yes,Reinforced,No,Stage 2,None
Toyota,Corolla,Petrol,26,5,66835,5680975,Highway,32,City streets,High,Snowy,200,,180,9,216,5,6,Poor,New,Expert,High,4,17,Sport,Steel,Yes,Standard,Yes,Stage 1,Supercharger
Hyundai,Kona EV,Petrol,27,5,70053,5954505,Heavy Traffic,27,Off-road terrain,High,Snowy,178,,160,7,173,6,5,Well-maintained,New,Novice,High,8,17,Classic,Carbon Fiber,No,Reinforced,No,Stage 3,None
BMW,X5,Diesel,29,5,29884,2540140,Extreme Weather,-4,Off-road terrain,High,Rainy,187,,102,7,244,8,7,Moderate wear,Worn,Expert,High,8,21,Off-road,Steel,Yes,Standard,No,Stage 2,Supercharger
BMW,X5,Petrol,33,5,49181,4180385,Extreme Weather,24,City streets,Medium,Clear,303,,136,8,264,9,7,Poor,Worn,Expert,Low,1,19,Luxury,Carbon Fiber,No,Reinforced,No,Stage 3,Turbo
Toyota,Corolla,Diesel,22,5,54229,4609465,Heavy Traffic,-1,City streets,High,Clear,181,,183,9,287,9,9,Poor,New,Intermediate,High,9,18,Sport,Carbon Fiber,Yes,Sport,No,Stage 2,Turbo
Hyundai,Kona EV,Diesel,18,5,75489,6416565,Heavy Traffic,28,Off-road terrain,High,Snowy,492,,183,6,255,7,9,Well-maintained,Worn,Novice,Low,8,17,Classic,Steel,No,Sport,No,Stock,Turbo
BMW,3 Series,Diesel,18,5,53690,4563650,Extreme Weather,-4,City streets,Medium,Clear,390,,112,9,277,6,6,Well-maintained,Worn,Intermediate,Low,3,20,Off-road,Alloy,Yes,Reinforced,No,Stage 1,None
BMW,3 Series,Electric,25,4,47475,4035375,Heavy Traffic,2,Off-road terrain,Medium,Clear,392,,192,6,170,7,6,Poor,Worn,Intermediate,Low,7,18,Sport,Carbon Fiber,No,Standard,No,Stock,None
Toyota,Corolla,Diesel,29,5,75803,6443255,Highway,27,Highway,Low,Rainy,244,,134,6,225,7,5,Poor,New,Novice,Low,1,19,Sport,Carbon Fiber,Yes,Standard,No,Stage 3,Turbo
Tesla,Model 3,Petrol,35,4,70982,6033470,Extreme Weather,17,Highway,High,Clear,254,,165,8,156,5,5,Moderate wear,Flat,Intermediate,Low,2,21,Luxury,Steel,Yes,Sport,Yes,Stock,Turbo
Toyota,Camry,Electric,29,5,40437,3437145,Highway,28,Off-road terrain,Medium,Clear,191,,192,6,166,8,5,Moderate wear,New,Expert,High,7,18,Off-road,Carbon Fiber,Yes,Sport,Yes,Stage 2,Supercharger
Hyundai,Kona EV,Diesel,25,4,69011,5865935,Extreme Weather,23,Highway,Medium,Rainy,493,,192,8,201,6,9,Moderate wear,Flat,Novice,Low,10,21,Classic,Alloy,No,Reinforced,Yes,Stock,Turbo
Ford,Mustang,Electric,35,5,73560,6252600,Urban,30,Highway,Medium,Snowy,455,,113,7,165,7,6,Well-maintained,Worn,Intermediate,Low,2,20,Luxury,Alloy,No,Sport,Yes,Stock,Turbo
Toyota,Camry,Petrol,23,4,48054,4084590,Off-Road,15,Off-road terrain,High,Rainy,473,,124,8,272,6,5,Well-maintained,Flat,Intermediate,High,2,21,Classic,Steel,Yes,Sport,No,Stage 2,Supercharger
Hyundai,Sonata,Petrol,24,5,69416,5900360,Heavy Traffic,23,Highway,High,Rainy,357,,160,8,159,5,9,Moderate wear,Worn,Expert,Low,8,20,Classic,Steel,Yes,Reinforced,Yes,Stock,Supercharger
Tesla,Model S,Electric,34,5,71331,6063135,Urban,34,Off-road terrain,High,Snowy,248,,173,7,219,7,7,Well-maintained,Flat,Intermediate,High,1,21,Sport,Carbon Fiber,No,Reinforced,No,Stage 1,Turbo
Toyota,Corolla,Electric,37,4,31803,2703255,Off-Road,12,Highway,High,Rainy,268,,156,7,278,5,7,Poor,New,Novice,Low,7,19,Off-road,Steel,Yes,Reinforced,Yes,Stage 2,None
Toyota,Corolla,Petrol,24,4,37675,3202375,Off-Road,27,Off-road terrain,Low,Clear,436,,159,7,166,6,9,Moderate wear,Worn,Intermediate,High,6,17,Luxury,Carbon Fiber,No,Reinforced,No,Stage 2,None
Mercedes,E-Class,Electric,19,5,79409,6749765,Off-Road,31,City streets,Medium,Rainy,495,,180,9,150,5,6,Poor,Worn,Expert,High,1,21,Sport,Steel,Yes,Standard,Yes,Stage 3,Turbo
BMW,3 Series,Electric,17,5,34633,2943805,Off-Road,28,Off-road terrain,Low,Rainy,420,,164,7,174,6,7,Poor,Flat,Intermediate,Low,6,20,Off-road,Steel,Yes,Reinforced,Yes,Stock,None
BMW,X5,Petrol,32,5,49693,4223905,Heavy Traffic,-1,Highway,Medium,Snowy,376,,180,7,263,6,9,Moderate wear,Worn,Expert,High,3,19,Off-road,Steel,No,Standard,No,Stock,Turbo
Mercedes,E-Class,Electric,34,4,28150,2392750,Heavy Traffic,22,Highway,Medium,Snowy,303,,147,9,166,5,9,Moderate wear,Flat,Expert,Medium,3,21,Sport,Alloy,Yes,Standard,No,Stage 2,Turbo
Ford,F-150,Petrol,24,4,49877,4239545,Extreme Weather,8,Off-road terrain,High,Clear,242,,172,9,223,7,5,Well-maintained,New,Novice,Medium,8,19,Sport,Steel,No,Reinforced,Yes,Stage 2,Turbo
Toyota,Corolla,Diesel,24,5,48810,4148850,Off-Road,6,City streets,Medium,Snowy,162,,111,8,234,6,8,Moderate wear,New,Novice,High,10,20,Luxury,Alloy,Yes,Sport,Yes,Stock,Supercharger
Tesla,Model S,Petrol,26,5,28328,2407880,Highway,16,Off-road terrain,Low,Rainy,406,,143,7,187,7,7,Poor,Flat,Expert,Low,10,19,Classic,Steel,No,Sport,No,Stage 3,Supercharger
Tesla,Model 3,Diesel,39,5,54937,4669645,Highway,17,Off-road terrain,High,Clear,207,,162,8,201,5,5,Moderate wear,New,Intermediate,High,3,19,Luxury,Carbon Fiber,No,Standard,Yes,Stage 2,Turbo
Mercedes,GLE,Electric,35,4,74525,6334625,Extreme Weather,0,City streets,Medium,Clear,319,,149,6,153,7,5,Moderate wear,New,Novice,Medium,7,20,Luxury,Carbon Fiber,Yes,Sport,Yes,Stage 3,Turbo
Ford,F-150,Electric,28,4,47207,4012595,Urban,1,Highway,Low,Snowy,421,,142,9,222,6,5,Moderate wear,Flat,Expert,High,5,17,Sport,Steel,Yes,Sport,No,Stage 2,Turbo
Mercedes,GLE,Petrol,35,5,76243,6480655,Off-Road,10,Highway,Low,Clear,497,,137,6,241,5,7,Well-maintained,New,Expert,Medium,9,21,Sport,Steel,No,Standard,No,Stock,None
Ford,F-150,Diesel,32,5,31159,2648515,Highway,29,Off-road terrain,High,Rainy,226,,144,9,264,8,5,Moderate wear,Flat,Intermediate,High,9,18,Off-road,Carbon Fiber,Yes,Reinforced,No,Stage 1,Supercharger
BMW,X5,Electric,22,4,28562,2427770,Heavy Traffic,3,Off-road terrain,Medium,Rainy,370,,123,9,218,9,6,Poor,New,Novice,Medium,7,17,Classic,Steel,Yes,Sport,Yes,Stage 2,None
Mercedes,GLE,Diesel,17,4,23621,2007785,Heavy Traffic,-5,Off-road terrain,High,Clear,364,,190,9,239,8,8,Poor,New,Expert,High,4,19,Classic,Alloy,Yes,Reinforced,Yes,Stage 1,None
Hyundai,Kona EV,Diesel,27,4,70226,5969210,Highway,-1,City streets,Low,Snowy,404,,153,8,157,5,8,Moderate wear,New,Expert,Low,4,18,Classic,Steel,Yes,Standard,No,Stage 1,Supercharger
Hyundai,Sonata,Petrol,22,4,29916,2542860,Heavy Traffic,27,Highway,Medium,Clear,325,,113,6,229,6,5,Poor,Flat,Expert,High,9,21,Classic,Carbon Fiber,Yes,Sport,No,Stage 3,None
Toyota,Camry,Petrol,37,5,70910,6027350,Off-Road,34,City streets,Medium,Clear,419,,158,6,202,7,7,Moderate wear,Flat,Novice,Medium,4,21,Classic,Steel,Yes,Reinforced,Yes,Stage 1,None
Mercedes,GLE,Diesel,36,5,23065,1960525,Off-Road,33,Off-road terrain,Low,Clear,450,,176,9,158,8,9,Poor,New,Expert,High,9,18,Sport,Alloy,No,Sport,Yes,Stage 1,Supercharger
Hyundai,Kona EV,Petrol,18,5,63484,5396140,Extreme Weather,21,City streets,Medium,Clear,493,,120,6,284,5,5,Poor,Flat,Expert,Low,6,21,Sport,Steel,Yes,Reinforced,No,Stage 1,Supercharger
Ford,Mustang,Electric,35,5,20784,1766640,Heavy Traffic,16,City streets,Low,Snowy,200,,149,8,220,6,9,Well-maintained,New,Novice,Medium,3,18,Off-road,Carbon Fiber,No,Sport,No,Stage 1,None
BMW,X5,Electric,21,4,40598,3450830,Heavy Traffic,15,City streets,Medium,Clear,175,,107,6,153,9,9,Well-maintained,Flat,Expert,High,3,18,Luxury,Steel,Yes,Reinforced,Yes,Stage 2,Supercharger
Toyota,Corolla,Petrol,26,5,51323,4362455,Urban,8,City streets,Medium,Clear,346,,129,9,156,8,8,Poor,Worn,Expert,High,1,19,Luxury,Carbon Fiber,Yes,Reinforced,No,Stage 1,Supercharger
Mercedes,E-Class,Diesel,34,5,33782,2871470,Highway,23,City streets,Low,Snowy,468,,172,6,206,8,7,Poor,Flat,Novice,Medium,4,20,Classic,Carbon Fiber,No,Sport,Yes,Stage 1,None
Mercedes,E-Class,Petrol,28,5,54293,4614905,Off-Road,24,Off-road terrain,Medium,Snowy,344,,120,7,192,9,6,Well-maintained,New,Intermediate,Medium,3,21,Luxury,Steel,Yes,Reinforced,No,Stage 3,Supercharger
Tesla,Model S,Petrol,23,5,25430,2161550,Extreme Weather,17,Highway,Low,Snowy,474,,114,8,152,7,8,Poor,Worn,Expert,High,5,21,Luxury,Carbon Fiber,Yes,Standard,No,Stage 2,Turbo
Toyota,Corolla,Petrol,24,5,75065,6380525,Urban,25,Highway,High,Rainy,477,,188,9,299,7,5,Well-maintained,Worn,Novice,Low,7,17,Classic,Carbon Fiber,Yes,Sport,No,Stage 3,Supercharger
Mercedes,E-Class,Diesel,29,4,25703,2184755,Urban,32,Highway,High,Rainy,323,,100,9,256,8,5,Poor,Flat,Intermediate,Medium,9,21,Classic,Alloy,Yes,Standard,Yes,Stage 3,Supercharger
BMW,3 Series,Electric,28,4,44028,3742380,Off-Road,27,Highway,Low,Rainy,440,,166,8,287,7,7,Poor,Worn,Expert,High,5,18,Luxury,Alloy,Yes,Reinforced,No,Stage 1,Turbo
BMW,X5,Petrol,26,4,69444,5902740,Urban,1,City streets,Medium,Clear,298,,110,9,264,6,8,Moderate wear,Worn,Intermediate,High,4,17,Luxury,Alloy,No,Sport,No,Stage 1,Turbo
BMW,X5,Petrol,35,5,64498,5482330,Highway,0,Off-road terrain,High,Rainy,392,,107,7,159,7,9,Poor,Flat,Expert,Medium,3,17,Sport,Carbon Fiber,Yes,Reinforced,Yes,Stage 3,None
BMW,3 Series,Electric,33,5,32342,2749070,Highway,10,Off-road terrain,Medium,Snowy,305,,180,9,296,9,8,Well-maintained,New,Expert,Low,1,21,Sport,Carbon Fiber,No,Sport,Yes,Stage 1,Turbo
Hyundai,Kona EV,Diesel,26,5,36484,3101140,Extreme Weather,33,Highway,Low,Snowy,319,,139,6,289,6,7,Moderate wear,Worn,Novice,Medium,3,20,Sport,Alloy,Yes,Reinforced,No,Stage 2,None
BMW,3 Series,Petrol,36,4,35957,3056345,Extreme Weather,32,City streets,Low,Snowy,257,,136,6,240,7,9,Moderate wear,Worn,Intermediate,High,3,17,Off-road,Alloy,Yes,Reinforced,No,Stage 2,None
Ford,F-150,Petrol,26,5,41795,3552575,Urban,11,City streets,Medium,Clear,374,,129,9,161,7,5,Well-maintained,Worn,Expert,High,8,17,Sport,Alloy,Yes,Sport,No,Stock,Supercharger
Ford,Mustang,Electric,29,4,74401,6324085,Extreme Weather,2,City streets,Low,Clear,440,,122,7,164,6,9,Poor,New,Expert,High,3,19,Sport,Carbon Fiber,Yes,Standard,No,Stock,None
Toyota,Corolla,Petrol,24,5,34669,2946865,Off-Road,22,Off-road terrain,Medium,Rainy,216,,135,7,269,5,9,Moderate wear,Flat,Novice,Medium,6,20,Off-road,Alloy,Yes,Standard,No,Stage 1,Supercharger
Mercedes,E-Class,Petrol,36,5,28080,2386800,Heavy Traffic,15,Off-road terrain,High,Clear,491,,111,9,155,9,6,Well-maintained,New,Intermediate,Medium,10,18,Luxury,Carbon Fiber,No,Standard,Yes,Stock,Supercharger
Hyundai,Kona EV,Petrol,24,5,49714,4225690,Extreme Weather,2,Off-road terrain,Low,Rainy,458,,198,9,154,5,6,Moderate wear,Flat,Intermediate,High,10,17,Luxury,Carbon Fiber,Yes,Reinforced,Yes,Stage 1,Supercharger
Mercedes,E-Class,Electric,19,4,41101,3493585,Off-Road,2,Highway,Medium,Rainy,445,,133,9,194,7,8,Well-maintained,New,Novice,Low,4,21,Off-road,Carbon Fiber,No,Reinforced,Yes,Stage 2,None
Tesla,Model S,Diesel,24,4,47751,4058835,Heavy Traffic,17,Highway,Medium,Rainy,485,,174,9,194,9,5,Well-maintained,Flat,Expert,Medium,2,21,Off-road,Alloy,No,Standard,Yes,Stock,None
Mercedes,E-Class,Diesel,39,5,51912,4412520,Heavy Traffic,7,Highway,Medium,Clear,343,,199,7,154,7,6,Moderate wear,Worn,Novice,High,10,20,Classic,Steel,Yes,Sport,No,Stage 3,None
Mercedes,E-Class,Petrol,19,4,64971,5522535,Heavy Traffic,8,Highway,High,Snowy,168,,162,9,243,7,6,Moderate wear,Worn,Intermediate,Medium,5,17,Luxury,Carbon Fiber,Yes,Sport,Yes,Stock,None
Tesla,Model 3,Electric,19,5,20510,1743350,Heavy Traffic,7,Off-road terrain,Medium,Clear,480,,158,8,208,6,9,Moderate wear,New,Novice,Medium,9,21,Luxury,Alloy,No,Standard,Yes,Stage 1,Turbo
Toyota,Corolla,Diesel,38,4,45816,3894360,Extreme Weather,9,Highway,Medium,Rainy,181,,108,8,254,5,9,Poor,New,Intermediate,High,4,19,Sport,Carbon Fiber,Yes,Standard,No,Stage 3,None
BMW,3 Series,Diesel,16,4,28744,2443240,Off-Road,32,Highway,Medium,Snowy,460,,155,7,283,6,5,Well-maintained,New,Novice,High,3,20,Off-road,Alloy,Yes,Reinforced,Yes,Stage 1,None
BMW,3 Series,Electric,37,5,62255,5291675,Urban,32,Off-road terrain,Low,Snowy,291,,105,6,172,8,7,Well-maintained,Flat,Intermediate,Medium,6,18,Classic,Steel,No,Standard,Yes,Stage 2,Supercharger
Ford,Mustang,Petrol,28,4,40942,3480070,Extreme Weather,30,City streets,High,Clear,171,,186,9,235,9,9,Moderate wear,New,Intermediate,High,7,20,Luxury,Steel,Yes,Reinforced,No,Stage 3,None
Ford,F-150,Diesel,23,4,77988,6628980,Heavy Traffic,17,Highway,High,Clear,256,,152,6,238,9,5,Well-maintained,New,Expert,Medium,6,20,Classic,Steel,Yes,Standard,No,Stage 2,Turbo
Tesla,Model S,Electric,26,4,60861,5173185,Urban,23,City streets,Low,Clear,249,,185,6,284,8,9,Poor,New,Novice,Medium,3,18,Luxury,Carbon Fiber,Yes,Reinforced,No,Stage 2,None
BMW,3 Series,Petrol,26,5,23996,2039660,Highway,-2,Off-road terrain,High,Clear,490,,116,9,290,8,6,Well-maintained,Worn,Expert,High,1,19,Off-road,Steel,No,Reinforced,Yes,Stage 2,None
Toyota,Corolla,Petrol,19,5,69656,5920760,Highway,14,City streets,High,Rainy,364,,132,7,269,5,5,Poor,New,Novice,High,6,17,Off-road,Alloy,Yes,Reinforced,No,Stage 2,Turbo
Tesla,Model 3,Diesel,18,5,61609,5236765,Urban,13,Off-road terrain,High,Rainy,233,,182,7,206,6,8,Moderate wear,Worn,Expert,High,7,21,Off-road,Carbon Fiber,No,Standard,No,Stage 2,None
Ford,Mustang,Diesel,32,5,64348,5469580,Highway,14,Highway,Low,Rainy,395,,180,7,290,8,6,Well-maintained,Worn,Novice,Medium,2,20,Off-road,Carbon Fiber,Yes,Standard,No,Stage 3,None
Ford,Mustang,Electric,22,4,50164,4263940,Extreme Weather,24,Highway,Medium,Clear,287,,147,8,256,6,5,Well-maintained,Worn,Intermediate,Low,7,19,Off-road,Alloy,Yes,Standard,No,Stock,Supercharger
Tesla,Model S,Electric,23,4,66581,5659385,Heavy Traffic,7,Off-road terrain,High,Snowy,439,,180,8,235,7,6,Poor,Flat,Expert,High,9,18,Luxury,Steel,Yes,Sport,No,Stage 1,Supercharger
Mercedes,E-Class,Electric,36,5,53593,4555405,Heavy Traffic,-1,City streets,Low,Rainy,154,,159,9,170,8,6,Well-maintained,Worn,Intermediate,Low,5,18,Off-road,Alloy,Yes,Reinforced,No,Stage 1,None
Toyota,Camry,Electric,17,4,51171,4349535,Extreme Weather,28,Highway,High,Clear,316,,141,8,219,6,5,Well-maintained,New,Intermediate,High,9,19,Sport,Alloy,Yes,Standard,Yes,Stage 1,Supercharger
Mercedes,GLE,Electric,26,5,73871,6279035,Highway,-5,Off-road terrain,Medium,Clear,285,,154,9,196,6,9,Moderate wear,Worn,Novice,Low,1,18,Classic,Steel,No,Sport,Yes,Stage 2,Supercharger
Hyundai,Sonata,Electric,28,5,31280,2658800,Off-Road,-2,City streets,High,Rainy,457,,109,7,246,7,6,Poor,Worn,Novice,Low,2,18,Luxury,Steel,Yes,Reinforced,No,Stage 3,Supercharger
BMW,3 Series,Petrol,22,4,69684,5923140,Highway,18,Highway,High,Rainy,244,,161,6,274,6,6,Poor,New,Intermediate,Medium,10,21,Off-road,Carbon Fiber,No,Standard,Yes,Stage 3,Supercharger
BMW,X5,Electric,16,5,20260,1722100,Extreme Weather,19,City streets,Low,Clear,350,,169,7,168,5,8,Poor,New,Intermediate,High,8,20,Classic,Carbon Fiber,Yes,Sport,No,Stage 1,Supercharger
Toyota,Corolla,Diesel,19,4,59451,5053335,Heavy Traffic,11,City streets,High,Snowy,367,,114,8,285,9,7,Well-maintained,New,Expert,High,6,21,Sport,Carbon Fiber,Yes,Sport,No,Stage 2,Supercharger
Ford,F-150,Diesel,15,5,32812,2789020,Highway,-1,City streets,Low,Clear,238,,146,9,159,8,5,Moderate wear,Worn,Expert,Medium,4,21,Classic,Alloy,Yes,Sport,Yes,Stage 3,None
Tesla,Model 3,Electric,31,5,31043,2638655,Urban,8,Highway,High,Rainy,259,,166,7,235,7,7,Moderate wear,New,Intermediate,High,1,18,Off-road,Carbon Fiber,Yes,Sport,Yes,Stage 1,None
Mercedes,GLE,Electric,22,4,32823,2789955,Off-Road,29,Off-road terrain,Medium,Snowy,258,,143,7,248,8,5,Well-maintained,Worn,Expert,Low,6,17,Sport,Carbon Fiber,Yes,Standard,No,Stage 2,Supercharger
BMW,X5,Diesel,24,5,24179,2055215,Urban,22,Off-road terrain,High,Clear,256,,139,7,169,7,8,Poor,New,Intermediate,High,6,21,Sport,Alloy,No,Sport,No,Stage 2,Supercharger
Tesla,Model S,Diesel,39,5,68764,5844940,Extreme Weather,31,City streets,Medium,Clear,496,,159,9,172,8,9,Poor,Worn,Expert,Medium,4,18,Off-road,Alloy,No,Standard,No,Stage 2,None
Hyundai,Sonata,Diesel,24,5,70908,6027180,Off-Road,9,Off-road terrain,High,Clear,269,,179,6,277,7,7,Well-maintained,New,Intermediate,Medium,2,21,Off-road,Carbon Fiber,Yes,Reinforced,No,Stock,None
Ford,Mustang,Electric,29,5,69997,5949745,Heavy Traffic,31,City streets,Low,Snowy,475,,179,6,187,9,5,Moderate wear,New,Novice,Medium,4,19,Luxury,Alloy,Yes,Standard,Yes,Stage 1,Supercharger
BMW,3 Series,Diesel,30,5,78541,6675985,Highway,12,City streets,Low,Snowy,484,,156,6,219,7,8,Well-maintained,New,Expert,High,8,20,Classic,Steel,Yes,Reinforced,No,Stock,Turbo
Mercedes,GLE,Diesel,25,5,50314,4276690,Highway,-2,City streets,Medium,Rainy,150,,124,7,212,5,7,Well-maintained,Flat,Intermediate,Low,6,18,Luxury,Steel,Yes,Standard,Yes,Stage 1,Supercharger
Ford,F-150,Electric,32,5,76271,6483035,Highway,0,Off-road terrain,High,Snowy,291,,137,9,260,5,7,Poor,New,Novice,High,5,20,Sport,Carbon Fiber,No,Sport,No,Stage 2,Supercharger
Mercedes,GLE,Diesel,39,4,26765,2275025,Extreme Weather,-2,City streets,High,Clear,286,,102,7,249,5,5,Well-maintained,Worn,Expert,Low,10,18,Off-road,Steel,Yes,Reinforced,No,Stage 1,None
Toyota,Camry,Diesel,24,4,45274,3848290,Extreme Weather,16,Highway,Low,Clear,360,,124,7,234,8,8,Poor,Worn,Expert,Medium,5,20,Classic,Steel,No,Standard,No,Stock,None
Ford,Mustang,Diesel,26,4,50540,4295900,Extreme Weather,6,Off-road terrain,Medium,Snowy,192,,150,7,249,5,7,Poor,New,Expert,Low,1,19,Sport,Carbon Fiber,Yes,Reinforced,Yes,Stage 1,Supercharger
Ford,F-150,Electric,19,4,38161,3243685,Extreme Weather,1,City streets,Low,Snowy,236,,156,8,252,5,7,Moderate wear,New,Expert,Low,10,17,Sport,Carbon Fiber,No,Reinforced,Yes,Stage 3,None
Tesla,Model S,Petrol,35,5,55285,4699225,Off-Road,24,Highway,Low,Snowy,458,,186,7,238,5,8,Well-maintained,New,Intermediate,Low,3,17,Sport,Carbon Fiber,No,Sport,Yes,Stock,Supercharger
Ford,Mustang,Petrol,39,5,34817,2959445,Heavy Traffic,26,City streets,Low,Snowy,465,,158,6,207,8,6,Well-maintained,Worn,Expert,Low,9,21,Sport,Carbon Fiber,No,Sport,Yes,Stage 1,Turbo
Toyota,Corolla,Diesel,28,4,77647,6599995,Urban,0,Highway,High,Clear,428,,183,6,196,8,5,Moderate wear,Worn,Novice,Medium,4,19,Sport,Carbon Fiber,No,Reinforced,Yes,Stage 1,None
Toyota,Camry,Diesel,32,5,64052,5444420,Off-Road,21,City streets,Low,Clear,383,,189,6,185,5,8,Moderate wear,New,Novice,Medium,3,20,Sport,Alloy,Yes,Sport,No,Stock,None
Mercedes,GLE,Petrol,37,4,56373,4791705,Heavy Traffic,31,Highway,Low,Clear,379,,179,6,156,7,5,Well-maintained,Worn,Novice,Medium,3,21,Luxury,Alloy,Yes,Sport,Yes,Stage 2,Turbo
BMW,3 Series,Electric,34,5,74638,6344230,Urban,11,Highway,High,Clear,165,,152,9,249,8,9,Well-maintained,Worn,Expert,Medium,5,18,Off-road,Alloy,Yes,Reinforced,Yes,Stock,Turbo
Toyota,Corolla,Electric,36,5,68807,5848595,Highway,31,Off-road terrain,Medium,Snowy,389,,111,6,259,6,5,Moderate wear,Flat,Novice,Low,2,18,Luxury,Steel,Yes,Sport,Yes,Stock,Turbo
Toyota,Corolla,Diesel,36,4,26608,2261680,Heavy Traffic,7,Off-road terrain,High,Snowy,202,,189,9,226,8,8,Moderate wear,New,Novice,High,2,18,Luxury,Alloy,No,Reinforced,Yes,Stage 1,Turbo
Ford,Mustang,Petrol,23,5,31183,2650555,Extreme Weather,27,Off-road terrain,High,Clear,227,,108,8,197,7,9,Poor,Flat,Expert,Medium,2,18,Sport,Steel,No,Standard,No,Stock,None
BMW,X5,Electric,15,4,35977,3058045,Heavy Traffic,6,Off-road terrain,High,Snowy,295,,149,7,275,6,9,Well-maintained,New,Intermediate,Medium,10,20,Off-road,Carbon Fiber,No,Sport,No,Stage 3,Supercharger
Mercedes,GLE,Electric,26,4,72208,6137680,Heavy Traffic,25,City streets,Medium,Rainy,438,,125,7,249,5,7,Poor,Worn,Novice,Low,7,18,Luxury,Carbon Fiber,No,Sport,Yes,Stage 2,None
Ford,F-150,Diesel,17,4,37326,3172710,Extreme Weather,11,Highway,Medium,Rainy,335,,161,6,283,7,5,Poor,New,Novice,Medium,10,18,Classic,Carbon Fiber,No,Reinforced,No,Stage 2,None
Hyundai,Kona EV,Diesel,30,4,74380,6322300,Off-Road,4,Highway,Medium,Rainy,423,,180,7,259,6,9,Moderate wear,Worn,Expert,High,9,19,Classic,Carbon Fiber,Yes,Sport,Yes,Stage 1,Turbo
BMW,X5,Diesel,18,5,76232,6479720,Heavy Traffic,-1,Off-road terrain,Medium,Rainy,200,,151,7,157,5,9,Well-maintained,Flat,Expert,Low,1,19,Classic,Carbon Fiber,Yes,Standard,No,Stage 1,Supercharger
Ford,F-150,Diesel,29,4,45208,3842680,Heavy Traffic,18,Off-road terrain,Low,Rainy,264,,147,6,162,9,7,Poor,Flat,Intermediate,Medium,1,18,Luxury,Carbon Fiber,No,Sport,No,Stage 1,Supercharger
Tesla,Model 3,Petrol,24,5,40545,3446325,Heavy Traffic,5,City streets,High,Snowy,216,,168,8,173,5,6,Moderate wear,Flat,Intermediate,Medium,5,20,Sport,Carbon Fiber,No,Standard,No,Stage 3,Turbo
Tesla,Model S,Petrol,29,5,51510,4378350,Heavy Traffic,27,Highway,Medium,Snowy,266,,123,7,188,6,7,Moderate wear,Worn,Novice,High,10,21,Classic,Steel,No,Standard,No,Stage 2,Supercharger
BMW,X5,Diesel,33,4,22473,1910205,Off-Road,21,City streets,Medium,Clear,488,,169,6,232,9,7,Moderate wear,Worn,Novice,Medium,7,17,Sport,Steel,Yes,Sport,No,Stage 3,Turbo
BMW,3 Series,Petrol,32,4,78235,6649975,Heavy Traffic,7,Off-road terrain,Medium,Clear,373,,177,8,280,5,6,Well-maintained,Flat,Intermediate,Low,2,20,Sport,Alloy,No,Standard,No,Stage 2,Supercharger
Hyundai,Sonata,Electric,21,4,31939,2714815,Highway,-5,Off-road terrain,Low,Snowy,265,,151,9,288,7,9,Moderate wear,Worn,Intermediate,High,10,17,Off-road,Steel,Yes,Reinforced,Yes,Stage 3,Turbo
Mercedes,GLE,Petrol,32,4,28831,2450635,Highway,34,Highway,Low,Rainy,155,,184,8,185,8,5,Poor,Worn,Novice,High,10,21,Sport,Carbon Fiber,No,Standard,No,Stage 2,Turbo
Ford,Mustang,Petrol,17,4,21848,1857080,Heavy Traffic,20,Highway,High,Rainy,212,,163,7,283,7,6,Poor,Flat,Novice,High,3,21,Classic,Carbon Fiber,Yes,Sport,No,Stage 3,Turbo
Hyundai,Sonata,Petrol,27,4,23774,2020790,Extreme Weather,8,Off-road terrain,High,Snowy,348,,175,6,281,6,7,Moderate wear,Flat,Intermediate,Low,10,21,Sport,Alloy,No,Sport,Yes,Stage 3,Supercharger
Hyundai,Sonata,Petrol,29,5,59994,5099490,Urban,3,Off-road terrain,Low,Clear,471,,174,8,157,9,8,Poor,Flat,Intermediate,High,2,21,Sport,Carbon Fiber,Yes,Standard,No,Stage 1,None
Toyota,Corolla,Electric,18,4,62381,5302385,Off-Road,33,City streets,High,Snowy,358,,136,9,286,6,8,Well-maintained,New,Intermediate,High,4,21,Classic,Carbon Fiber,Yes,Sport,Yes,Stage 2,None
Mercedes,E-Class,Petrol,23,4,46924,3988540,Urban,26,Highway,Low,Clear,179,,183,7,209,5,8,Well-maintained,New,Expert,Low,4,18,Luxury,Carbon Fiber,Yes,Standard,No,Stage 2,Turbo
Toyota,Camry,Diesel,37,5,52963,4501855,Urban,19,Highway,High,Rainy,284,,112,9,192,5,8,Moderate wear,Worn,Expert,Medium,5,21,Off-road,Alloy,Yes,Sport,Yes,Stage 2,Turbo
BMW,X5,Diesel,36,5,41087,3492395,Off-Road,23,Highway,Low,Rainy,421,,118,6,265,7,6,Moderate wear,New,Novice,Medium,8,18,Off-road,Steel,No,Sport,No,Stage 1,None
BMW,X5,Diesel,23,4,69901,5941585,Heavy Traffic,7,City streets,High,Rainy,235,,163,9,229,7,6,Moderate wear,Worn,Novice,Low,1,19,Off-road,Carbon Fiber,Yes,Reinforced,Yes,Stage 3,None
Mercedes,E-Class,Electric,35,4,25190,2141150,Urban,3,Highway,Medium,Snowy,289,,170,7,196,9,6,Poor,New,Expert,Medium,5,20,Off-road,Steel,No,Reinforced,Yes,Stock,Supercharger
Mercedes,E-Class,Diesel,28,4,59293,5039905,Urban,33,City streets,Low,Clear,186,,107,8,226,9,7,Moderate wear,Worn,Novice,Low,6,17,Luxury,Steel,No,Reinforced,Yes,Stock,Supercharger
Hyundai,Kona EV,Electric,31,4,50649,4305165,Extreme Weather,5,City streets,Medium,Clear,253,,133,7,276,9,7,Well-maintained,Worn,Expert,Low,7,18,Sport,Alloy,No,Sport,No,Stage 2,Turbo
Mercedes,GLE,Diesel,23,4,47407,4029595,Highway,7,Highway,Low,Snowy,431,,127,6,226,9,8,Well-maintained,Flat,Intermediate,Low,5,18,Off-road,Carbon Fiber,Yes,Standard,No,Stock,None
Ford,F-150,Petrol,30,4,70831,6020635,Off-Road,14,Off-road terrain,Low,Rainy,315,,171,8,227,8,5,Poor,Flat,Intermediate,High,5,21,Luxury,Carbon Fiber,Yes,Reinforced,No,Stage 3,Supercharger
Toyota,Camry,Petrol,23,4,68795,5847575,Urban,28,Off-road terrain,Low,Clear,197,,130,9,257,5,5,Poor,Worn,Expert,Low,7,20,Off-road,Alloy,Yes,Sport,Yes,Stock,Turbo
Ford,Mustang,Electric,38,5,53357,4535345,Urban,11,City streets,Low,Clear,484,,155,6,217,6,8,Moderate wear,Worn,Novice,Low,10,17,Off-road,Carbon Fiber,Yes,Reinforced,Yes,Stage 3,None
Tesla,Model S,Electric,27,5,21942,1865070,Highway,31,City streets,High,Rainy,487,,148,8,283,6,6,Moderate wear,New,Novice,Medium,7,17,Sport,Alloy,Yes,Reinforced,Yes,Stage 3,Supercharger
Ford,F-150,Electric,23,5,61018,5186530,Heavy Traffic,-4,Off-road terrain,High,Rainy,314,,170,9,247,7,6,Well-maintained,Worn,Expert,Low,7,18,Off-road,Carbon Fiber,No,Reinforced,No,Stage 3,Supercharger
Tesla,Model 3,Diesel,29,5,57010,4845850,Extreme Weather,29,Off-road terrain,Medium,Snowy,405,,163,7,252,5,7,Moderate wear,New,Intermediate,Low,6,20,Classic,Alloy,No,Reinforced,Yes,Stage 2,Supercharger
BMW,X5,Petrol,18,5,70660,6006100,Urban,34,Off-road terrain,High,Rainy,186,,113,8,272,7,5,Moderate wear,New,Expert,High,6,20,Off-road,Steel,Yes,Reinforced,No,Stage 1,Supercharger
BMW,X5,Electric,28,4,77911,6622435,Off-Road,32,City streets,Low,Rainy,243,,109,7,285,8,6,Poor,Flat,Novice,High,7,17,Sport,Steel,Yes,Sport,No,Stage 2,Turbo
BMW,X5,Petrol,25,5,46367,3941195,Urban,27,Highway,High,Clear,218,,196,9,179,9,9,Well-maintained,New,Expert,Medium,10,21,Classic,Carbon Fiber,No,Sport,Yes,Stage 1,None
Tesla,Model S,Electric,19,4,70808,6018680,Heavy Traffic,10,City streets,High,Snowy,460,,119,9,183,6,9,Moderate wear,Worn,Intermediate,Low,1,18,Classic,Alloy,No,Reinforced,No,Stage 1,None
Mercedes,E-Class,Petrol,30,4,27386,2327810,Highway,9,City streets,Low,Snowy,363,,183,6,169,6,7,Poor,Flat,Expert,High,5,20,Classic,Alloy,Yes,Reinforced,Yes,Stage 1,Supercharger
Ford,Mustang,Electric,17,5,41219,3503615,Extreme Weather,28,Off-road terrain,High,Rainy,374,,101,7,229,5,8,Poor,Flat,Expert,Medium,6,21,Luxury,Steel,Yes,Sport,No,Stock,Supercharger
Hyundai,Kona EV,Electric,28,4,58183,4945555,Urban,33,City streets,High,Rainy,329,,196,8,223,5,5,Well-maintained,New,Intermediate,Low,2,21,Luxury,Alloy,Yes,Reinforced,No,Stage 1,None
Mercedes,E-Class,Diesel,17,4,53262,4527270,Urban,17,City streets,High,Rainy,439,,132,7,230,9,7,Moderate wear,Flat,Expert,Low,9,21,Classic,Alloy,No,Sport,No,Stage 1,Turbo
Hyundai,Kona EV,Diesel,30,4,74747,6353495,Urban,21,Highway,Low,Rainy,444,,185,9,256,9,6,Moderate wear,Worn,Novice,Low,2,17,Classic,Alloy,Yes,Standard,Yes,Stage 1,None
Toyota,Corolla,Petrol,27,4,59351,5044835,Extreme Weather,25,Off-road terrain,Medium,Clear,285,,154,6,290,9,8,Moderate wear,Worn,Expert,High,4,20,Sport,Carbon Fiber,Yes,Reinforced,Yes,Stage 1,Supercharger
BMW,X5,Electric,30,4,40531,3445135,Highway,18,City streets,Medium,Snowy,184,,116,6,248,8,9,Poor,Worn,Expert,Medium,8,17,Off-road,Steel,Yes,Sport,Yes,Stage 1,None
Toyota,Camry,Diesel,20,4,76063,6465355,Urban,3,City streets,Low,Rainy,243,,178,8,164,6,6,Poor,Worn,Intermediate,Low,7,17,Classic,Carbon Fiber,Yes,Standard,Yes,Stage 1,None
Ford,Mustang,Diesel,18,5,75235,6394975,Urban,29,Off-road terrain,High,Snowy,469,,194,6,254,9,6,Well-maintained,New,Intermediate,High,4,19,Off-road,Steel,No,Sport,Yes,Stage 2,None
Mercedes,E-Class,Electric,30,5,23889,2030565,Heavy Traffic,29,Off-road terrain,Medium,Snowy,393,,140,9,288,9,9,Poor,New,Intermediate,Low,8,21,Sport,Steel,No,Standard,No,Stock,Supercharger
Ford,Mustang,Electric,32,5,55556,4722260,Heavy Traffic,14,City streets,Low,Rainy,228,,122,7,280,9,9,Well-maintained,Worn,Novice,High,2,21,Off-road,Steel,No,Reinforced,Yes,Stage 2,Supercharger
Toyota,Corolla,Petrol,29,4,52019,4421615,Off-Road,15,City streets,High,Rainy,272,,198,7,194,8,7,Well-maintained,Worn,Novice,High,7,18,Off-road,Carbon Fiber,Yes,Reinforced,Yes,Stage 1,Supercharger
BMW,3 Series,Electric,34,5,64293,5464905,Heavy Traffic,19,Off-road terrain,Low,Snowy,351,,136,8,162,5,6,Moderate wear,New,Novice,High,10,18,Off-road,Carbon Fiber,No,Reinforced,Yes,Stage 2,Turbo
Ford,Mustang,Electric,31,4,54069,4595865,Urban,5,Off-road terrain,High,Rainy,162,,170,9,194,5,7,Moderate wear,Flat,Expert,High,9,21,Off-road,Steel,No,Standard,Yes,Stage 3,Turbo
Ford,Mustang,Diesel,34,5,79332,6743220,Extreme Weather,-1,City streets,High,Rainy,454,,120,6,241,6,6,Poor,Flat,Novice,Medium,4,18,Luxury,Alloy,No,Sport,Yes,Stage 3,Turbo
Toyota,Corolla,Petrol,37,5,72979,6203215,Urban,24,Highway,Medium,Clear,416,,130,7,160,9,8,Moderate wear,Worn,Novice,Low,7,18,Luxury,Alloy,No,Standard,No,Stage 2,Supercharger
BMW,X5,Diesel,20,5,62719,5331115,Extreme Weather,5,Off-road terrain,High,Rainy,399,,165,6,227,5,6,Poor,Flat,Expert,High,10,20,Classic,Carbon Fiber,Yes,Sport,Yes,Stage 2,Turbo
BMW,3 Series,Petrol,22,4,26704,2269840,Highway,34,Off-road terrain,Medium,Clear,257,,132,8,226,9,5,Moderate wear,Worn,Novice,Medium,10,21,Classic,Alloy,Yes,Sport,No,Stock,None
BMW,X5,Petrol,27,5,53523,4549455,Highway,15,Highway,Medium,Rainy,435,,101,8,260,8,5,Moderate wear,Worn,Intermediate,Low,6,20,Sport,Steel,No,Reinforced,Yes,Stage 3,Turbo
Ford,Mustang,Petrol,22,4,27664,2351440,Urban,28,Highway,Medium,Rainy,419,,130,7,261,8,5,Poor,Flat,Intermediate,High,9,21,Luxury,Steel,No,Sport,No,Stage 3,Supercharger
Tesla,Model S,Diesel,17,5,38909,3307265,Highway,24,Off-road terrain,High,Rainy,310,,132,7,187,6,5,Moderate wear,Worn,Novice,Low,1,18,Luxury,Carbon Fiber,No,Sport,No,Stage 3,Supercharger
Hyundai,Sonata,Electric,33,5,53293,4529905,Extreme Weather,-4,City streets,Medium,Snowy,407,,116,8,159,5,7,Well-maintained,Flat,Expert,Medium,5,19,Classic,Alloy,Yes,Standard,No,Stage 2,Turbo
Mercedes,E-Class,Petrol,24,5,26004,2210340,Extreme Weather,12,City streets,Medium,Snowy,456,,140,6,173,5,8,Well-maintained,Flat,Expert,High,2,17,Sport,Alloy,No,Reinforced,No,Stage 3,None
Tesla,Model S,Diesel,15,4,75598,6425830,Highway,33,City streets,Low,Snowy,393,,167,9,185,9,6,Moderate wear,Flat,Expert,Low,6,20,Luxury,Alloy,No,Sport,Yes,Stage 2,Turbo
Tesla,Model S,Diesel,25,5,77085,6552225,Off-Road,32,City streets,High,Rainy,263,,103,6,217,8,7,Well-maintained,New,Intermediate,Low,2,21,Sport,Steel,No,Reinforced,No,Stage 3,Supercharger
Hyundai,Kona EV,Diesel,20,4,48582,4129470,Off-Road,10,Highway,Medium,Snowy,461,,107,7,176,7,5,Moderate wear,New,Expert,High,6,18,Off-road,Carbon Fiber,Yes,Reinforced,Yes,Stage 2,Supercharger
Ford,Mustang,Electric,27,4,70909,6027265,Off-Road,4,Highway,Medium,Clear,459,,128,7,286,9,9,Moderate wear,New,Novice,Low,8,18,Luxury,Steel,Yes,Reinforced,No,Stock,Supercharger
Hyundai,Sonata,Electric,36,4,28753,2444005,Urban,13,Highway,High,Snowy,495,,180,7,168,7,8,Well-maintained,Flat,Novice,Low,7,20,Classic,Alloy,Yes,Sport,No,Stage 1,Supercharger
Mercedes,E-Class,Diesel,27,5,23959,2036515,Off-Road,2,Highway,Medium,Clear,303,,117,7,200,8,5,Well-maintained,Flat,Intermediate,Low,10,21,Sport,Steel,No,Standard,No,Stage 1,Supercharger
Ford,F-150,Petrol,38,5,66901,5686585,Off-Road,17,Off-road terrain,Low,Rainy,382,,154,6,212,5,6,Well-maintained,Flat,Novice,High,7,20,Off-road,Carbon Fiber,Yes,Reinforced,No,Stage 2,Supercharger
Toyota,Corolla,Diesel,20,4,39483,3356055,Heavy Traffic,34,Off-road terrain,Medium,Clear,345,,174,6,213,6,7,Poor,Worn,Expert,High,5,19,Sport,Carbon Fiber,No,Standard,Yes,Stage 2,Supercharger
Hyundai,Sonata,Electric,23,4,20796,1767660,Extreme Weather,32,City streets,Low,Rainy,295,,156,8,209,8,7,Well-maintained,New,Novice,Medium,3,21,Luxury,Alloy,Yes,Reinforced,No,Stage 2,Turbo
Mercedes,E-Class,Electric,21,5,64542,5486070,Urban,13,Highway,High,Rainy,176,,145,7,182,8,6,Poor,Flat,Intermediate,Low,6,19,Luxury,Alloy,Yes,Reinforced,Yes,Stock,Turbo
Hyundai,Sonata,Petrol,28,5,60831,5170635,Urban,16,Highway,Medium,Clear,400,,137,7,285,8,9,Moderate wear,Flat,Intermediate,Medium,4,20,Luxury,Alloy,No,Reinforced,Yes,Stage 2,None
Toyota,Camry,Petrol,17,5,30532,2595220,Urban,11,City streets,Medium,Rainy,380,,193,7,217,7,9,Poor,Worn,Novice,High,6,20,Sport,Alloy,No,Standard,No,Stage 2,Supercharger
Mercedes,E-Class,Diesel,27,4,42444,3607740,Extreme Weather,3,Highway,Low,Rainy,199,,178,9,247,7,9,Poor,Worn,Intermediate,Low,7,17,Off-road,Carbon Fiber,No,Reinforced,No,Stage 2,None
Mercedes,E-Class,Petrol,39,5,52362,4450770,Off-Road,22,City streets,Medium,Snowy,345,,177,8,239,8,6,Well-maintained,Worn,Intermediate,Medium,2,20,Off-road,Carbon Fiber,No,Standard,No,Stage 1,None
Hyundai,Sonata,Diesel,18,4,44680,3797800,Heavy Traffic,21,Off-road terrain,Low,Clear,196,,142,6,199,9,5,Well-maintained,Worn,Intermediate,Medium,6,17,Classic,Carbon Fiber,No,Sport,No,Stage 3,None
Toyota,Camry,Diesel,29,5,71105,6043925,Off-Road,33,Off-road terrain,Medium,Clear,398,,106,9,250,8,8,Poor,Worn,Intermediate,High,10,18,Sport,Steel,Yes,Reinforced,No,Stock,Turbo
Hyundai,Kona EV,Petrol,21,4,71969,6117365,Highway,7,Off-road terrain,Low,Rainy,325,,173,9,267,5,5,Poor,New,Novice,Low,8,20,Classic,Steel,No,Standard,Yes,Stage 2,Supercharger
BMW,X5,Electric,31,5,49672,4222120,Extreme Weather,7,Off-road terrain,Medium,Snowy,491,,197,7,157,5,9,Moderate wear,Worn,Intermediate,Medium,2,21,Luxury,Alloy,Yes,Sport,No,Stock,Supercharger
Tesla,Model 3,Electric,15,5,32803,2788255,Heavy Traffic,20,Highway,High,Clear,166,,170,7,197,9,7,Poor,Worn,Intermediate,Low,1,20,Luxury,Steel,No,Standard,Yes,Stage 1,Supercharger
Ford,F-150,Diesel,28,4,64888,5515480,Off-Road,20,Highway,Medium,Clear,430,,199,9,181,6,6,Well-maintained,Worn,Novice,Medium,10,18,Off-road,Carbon Fiber,Yes,Standard,No,Stage 3,Supercharger
Tesla,Model 3,Electric,30,5,58526,4974710,Highway,27,Off-road terrain,Low,Clear,448,,188,6,162,7,8,Poor,New,Novice,High,4,21,Sport,Steel,Yes,Sport,No,Stage 2,Turbo
Toyota,Camry,Diesel,24,4,65414,5560190,Heavy Traffic,15,City streets,Medium,Snowy,351,,173,9,294,6,9,Well-maintained,Worn,Expert,High,5,17,Sport,Carbon Fiber,Yes,Sport,Yes,Stage 3,Supercharger
Toyota,Camry,Petrol,15,4,32204,2737340,Heavy Traffic,13,Off-road terrain,Low,Clear,186,,169,7,279,7,5,Moderate wear,New,Novice,Low,3,21,Sport,Carbon Fiber,Yes,Standard,Yes,Stage 1,Supercharger
Hyundai,Kona EV,Diesel,25,5,24001,2040085,Heavy Traffic,23,Off-road terrain,Low,Clear,352,,124,7,191,6,5,Poor,New,Intermediate,Medium,9,19,Off-road,Carbon Fiber,Yes,Standard,Yes,Stage 2,Turbo
Mercedes,GLE,Petrol,31,4,64864,5513440,Heavy Traffic,33,Highway,Low,Snowy,219,,131,9,160,6,6,Poor,Flat,Intermediate,Low,2,21,Classic,Alloy,No,Sport,No,Stage 1,None
BMW,X5,Petrol,25,5,34101,2898585,Off-Road,31,Highway,High,Rainy,245,,198,8,266,8,6,Moderate wear,Worn,Expert,Medium,9,17,Luxury,Steel,No,Reinforced,Yes,Stage 2,Supercharger
Ford,Mustang,Electric,35,5,29765,2530025,Urban,13,Highway,High,Clear,152,,136,6,165,5,9,Poor,Worn,Novice,Medium,1,19,Classic,Steel,No,Standard,No,Stage 1,None
Tesla,Model S,Electric,23,4,49057,4169845,Extreme Weather,8,Off-road terrain,Medium,Snowy,163,,104,8,154,9,7,Well-maintained,New,Intermediate,Low,3,21,Luxury,Alloy,Yes,Standard,No,Stock,None
Hyundai,Kona EV,Petrol,27,4,64542,5486070,Urban,12,Off-road terrain,Medium,Clear,227,,155,9,199,6,6,Poor,New,Expert,Medium,10,20,Sport,Carbon Fiber,No,Standard,No,Stage 1,Turbo
Mercedes,E-Class,Petrol,32,5,72165,6134025,Off-Road,8,City streets,High,Snowy,242,,198,9,187,8,7,Poor,Flat,Novice,Medium,10,20,Off-road,Steel,No,Sport,No,Stage 3,None
Mercedes,E-Class,Electric,24,4,68047,5783995,Highway,27,City streets,Low,Rainy,487,,118,8,206,7,5,Moderate wear,Flat,Intermediate,High,9,19,Luxury,Steel,No,Reinforced,No,Stage 1,None
BMW,X5,Petrol,32,5,72748,6183580,Heavy Traffic,8,City streets,High,Clear,264,,143,9,231,6,8,Moderate wear,Worn,Expert,Medium,2,21,Off-road,Alloy,No,Sport,Yes,Stock,Supercharger
BMW,3 Series,Diesel,33,5,29321,2492285,Heavy Traffic,27,Highway,High,Clear,249,,160,9,204,7,7,Well-maintained,Flat,Intermediate,High,6,19,Luxury,Steel,Yes,Standard,Yes,Stage 2,Turbo
BMW,3 Series,Diesel,25,4,54312,4616520,Highway,5,Off-road terrain,Medium,Clear,326,,101,8,160,6,7,Poor,Worn,Expert,Low,9,18,Off-road,Steel,No,Reinforced,Yes,Stock,Supercharger
BMW,3 Series,Electric,16,5,64740,5502900,Urban,4,Highway,Medium,Snowy,377,,165,7,226,7,9,Moderate wear,Flat,Expert,Medium,10,19,Off-road,Alloy,No,Standard,No,Stage 2,None
Ford,Mustang,Diesel,38,5,20533,1745305,Extreme Weather,13,City streets,Medium,Rainy,399,,151,9,227,6,8,Moderate wear,Worn,Novice,High,10,19,Off-road,Alloy,No,Sport,Yes,Stock,Turbo
Hyundai,Sonata,Electric,22,5,31332,2663220,Extreme Weather,0,City streets,High,Snowy,414,,114,9,254,7,9,Poor,Flat,Intermediate,Low,3,20,Luxury,Carbon Fiber,Yes,Reinforced,No,Stage 3,None
Toyota,Camry,Electric,17,5,44073,3746205,Urban,17,Off-road terrain,Medium,Rainy,295,,124,8,297,6,9,Moderate wear,Worn,Novice,Low,7,20,Luxury,Alloy,Yes,Standard,Yes,Stage 1,Supercharger
Ford,F-150,Diesel,17,5,65206,5542510,Extreme Weather,17,Off-road terrain,Low,Clear,490,,152,7,217,5,5,Well-maintained,Worn,Expert,Low,1,18,Classic,Alloy,No,Reinforced,Yes,Stage 2,Supercharger
Tesla,Model S,Petrol,24,4,66877,5684545,Highway,14,Off-road terrain,Medium,Rainy,201,,162,6,269,5,6,Poor,New,Novice,High,1,20,Classic,Carbon Fiber,No,Sport,Yes,Stage 3,Turbo
Hyundai,Sonata,Petrol,37,5,72433,6156805,Urban,4,Highway,Low,Rainy,154,,133,9,294,5,8,Moderate wear,New,Intermediate,Low,5,17,Sport,Alloy,No,Sport,No,Stage 2,Turbo
Ford,Mustang,Petrol,18,4,23521,1999285,Urban,21,City streets,Low,Clear,232,,165,7,163,8,6,Poor,New,Expert,Medium,3,17,Luxury,Carbon Fiber,No,Sport,Yes,Stage 1,Turbo
Mercedes,E-Class,Electric,33,4,40852,3472420,Urban,34,Off-road terrain,Medium,Clear,172,,106,6,291,7,7,Moderate wear,New,Intermediate,Low,4,19,Off-road,Steel,No,Sport,No,Stage 3,Supercharger
Hyundai,Kona EV,Electric,17,5,58405,4964425,Extreme Weather,29,Off-road terrain,Low,Rainy,479,,196,9,229,7,6,Well-maintained,Flat,Novice,High,8,19,Sport,Steel,No,Reinforced,No,Stage 3,None
BMW,X5,Petrol,25,4,26450,2248250,Heavy Traffic,15,Off-road terrain,Low,Clear,394,,105,6,225,6,5,Moderate wear,Worn,Expert,Low,10,21,Off-road,Steel,Yes,Reinforced,No,Stage 1,Supercharger
Hyundai,Kona EV,Diesel,37,4,73257,6226845,Extreme Weather,17,Highway,Medium,Clear,262,,129,9,227,9,5,Moderate wear,New,Expert,Medium,7,20,Off-road,Steel,Yes,Standard,No,Stage 1,Supercharger
Toyota,Corolla,Electric,25,5,60751,5163835,Extreme Weather,26,Off-road terrain,Low,Snowy,391,,144,9,236,8,7,Moderate wear,Worn,Intermediate,Medium,1,17,Off-road,Steel,No,Standard,Yes,Stage 1,None
Mercedes,E-Class,Petrol,24,5,68971,5862535,Highway,4,Highway,Medium,Snowy,393,,194,8,267,9,5,Poor,Worn,Expert,Low,9,19,Classic,Steel,Yes,Standard,No,Stage 2,None
BMW,X5,Electric,26,4,33881,2879885,Highway,16,Off-road terrain,Low,Snowy,453,,103,6,285,5,8,Moderate wear,Flat,Novice,Low,5,19,Off-road,Steel,No,Standard,Yes,Stage 1,None
Ford,Mustang,Petrol,38,4,69581,5914385,Highway,-1,Off-road terrain,Medium,Clear,498,,127,9,203,9,8,Moderate wear,Worn,Expert,High,7,18,Off-road,Steel,No,Standard,No,Stage 3,None
Mercedes,E-Class,Petrol,32,4,28573,2428705,Urban,25,Off-road terrain,Low,Clear,239,,186,7,204,6,9,Poor,Worn,Novice,Low,10,18,Sport,Carbon Fiber,Yes,Standard,No,Stage 3,Turbo
Tesla,Model S,Petrol,36,5,73554,6252090,Urban,31,Off-road terrain,High,Snowy,231,,198,7,216,9,5,Poor,Flat,Novice,High,6,17,Sport,Carbon Fiber,Yes,Sport,Yes,Stock,Turbo
Tesla,Model S,Diesel,35,4,54469,4629865,Heavy Traffic,5,Off-road terrain,Low,Snowy,358,,138,8,276,9,5,Well-maintained,Flat,Novice,High,3,18,Luxury,Carbon Fiber,Yes,Sport,No,Stage 3,Supercharger
Toyota,Corolla,Electric,19,4,76630,6513550,Extreme Weather,21,City streets,Medium,Snowy,179,,138,8,162,6,8,Poor,Flat,Expert,Low,7,17,Classic,Carbon Fiber,Yes,Standard,Yes,Stage 3,Turbo
Tesla,Model S,Electric,22,4,64145,5452325,Extreme Weather,14,Highway,Low,Snowy,437,,125,7,297,6,6,Poor,Worn,Expert,Medium,5,18,Classic,Steel,Yes,Reinforced,Yes,Stage 2,Turbo
Mercedes,GLE,Diesel,23,5,38174,3244790,Heavy Traffic,3,City streets,High,Snowy,203,,164,7,281,8,6,Moderate wear,Flat,Intermediate,High,10,18,Classic,Alloy,No,Standard,No,Stock,Turbo
Toyota,Camry,Diesel,30,5,46015,3911275,Extreme Weather,2,Off-road terrain,Low,Snowy,445,,126,9,254,6,7,Well-maintained,Flat,Expert,High,1,18,Luxury,Carbon Fiber,Yes,Standard,No,Stage 1,Turbo
Ford,F-150,Petrol,37,5,77576,6593960,Highway,28,Highway,High,Snowy,208,,102,6,227,7,5,Moderate wear,New,Novice,High,1,21,Sport,Alloy,No,Sport,Yes,Stage 3,Turbo
BMW,3 Series,Electric,22,5,44506,3783010,Highway,21,Highway,Medium,Rainy,481,,121,9,161,7,8,Poor,New,Expert,Low,9,19,Luxury,Steel,No,Sport,No,Stock,None
Mercedes,E-Class,Diesel,22,4,50399,4283915,Heavy Traffic,9,Off-road terrain,High,Clear,364,,178,8,252,6,6,Moderate wear,Flat,Expert,Medium,3,21,Sport,Carbon Fiber,Yes,Standard,No,Stage 3,Turbo
Tesla,Model S,Petrol,24,5,41529,3529965,Urban,2,Highway,Medium,Rainy,447,,136,7,289,8,5,Moderate wear,Worn,Expert,High,4,21,Off-road,Alloy,Yes,Reinforced,Yes,Stock,None
Ford,Mustang,Electric,15,4,57653,4900505,Highway,13,Highway,Low,Rainy,365,,160,9,180,6,7,Well-maintained,Worn,Expert,High,6,21,Classic,Carbon Fiber,Yes,Reinforced,No,Stock,None
BMW,X5,Electric,38,5,27276,2318460,Highway,34,City streets,High,Snowy,167,,140,7,292,9,6,Well-maintained,Flat,Intermediate,High,7,21,Off-road,Carbon Fiber,Yes,Reinforced,No,Stage 2,None
Toyota,Camry,Diesel,31,4,56375,4791875,Highway,8,City streets,Low,Rainy,258,,123,8,156,5,7,Poor,Worn,Novice,Low,5,17,Luxury,Alloy,No,Sport,Yes,Stock,Supercharger
Ford,F-150,Diesel,19,4,49536,4210560,Off-Road,-2,Off-road terrain,Low,Rainy,339,,159,9,233,5,9,Moderate wear,New,Novice,High,6,17,Luxury,Steel,Yes,Sport,No,Stock,Turbo
Ford,Mustang,Petrol,38,5,41537,3530645,Extreme Weather,33,Off-road terrain,Low,Rainy,301,,102,6,238,7,9,Moderate wear,New,Intermediate,Low,7,17,Off-road,Steel,No,Reinforced,Yes,Stage 1,Turbo
Toyota,Corolla,Diesel,39,4,75372,6406620,Extreme Weather,25,City streets,High,Rainy,181,,108,9,244,5,9,Poor,New,Expert,Medium,6,20,Off-road,Carbon Fiber,Yes,Sport,No,Stage 2,None
Tesla,Model 3,Petrol,31,5,67419,5730615,Extreme Weather,7,Highway,Low,Snowy,220,,127,7,162,8,5,Poor,Flat,Intermediate,High,8,20,Off-road,Carbon Fiber,Yes,Sport,No,Stage 2,None
BMW,X5,Diesel,32,4,61756,5249260,Highway,23,Off-road terrain,Low,Snowy,170,,142,7,225,9,7,Well-maintained,Worn,Intermediate,Medium,5,17,Sport,Steel,Yes,Reinforced,Yes,Stage 2,Supercharger
Toyota,Corolla,Electric,21,4,43583,3704555,Off-Road,27,Highway,Low,Snowy,428,,142,8,151,6,7,Well-maintained,Worn,Expert,Low,7,17,Classic,Alloy,Yes,Reinforced,Yes,Stage 2,None
BMW,X5,Diesel,32,5,64844,5511740,Heavy Traffic,10,Off-road terrain,Medium,Clear,342,,181,7,164,5,5,Moderate wear,Worn,Novice,Medium,3,18,Luxury,Carbon Fiber,No,Reinforced,Yes,Stock,Turbo
Hyundai,Kona EV,Electric,24,4,29431,2501635,Extreme Weather,20,City streets,High,Rainy,335,,111,6,265,6,5,Well-maintained,Flat,Intermediate,Medium,1,20,Classic,Steel,Yes,Sport,Yes,Stage 1,Turbo
Toyota,Corolla,Electric,39,5,24132,2051220,Extreme Weather,14,Off-road terrain,Low,Rainy,254,,118,6,207,8,7,Well-maintained,Worn,Expert,High,7,18,Off-road,Carbon Fiber,No,Reinforced,Yes,Stage 2,Turbo
Mercedes,GLE,Electric,17,4,66290,5634650,Highway,33,Off-road terrain,Medium,Snowy,399,,156,6,201,7,8,Moderate wear,Worn,Intermediate,Low,7,17,Classic,Steel,Yes,Reinforced,No,Stage 3,Turbo
Mercedes,E-Class,Electric,35,4,24158,2053430,Highway,30,Off-road terrain,Low,Snowy,299,,171,8,262,9,8,Poor,Worn,Intermediate,High,6,21,Sport,Steel,Yes,Standard,No,Stock,None
Mercedes,GLE,Electric,19,5,73516,6248860,Urban,30,Off-road terrain,Low,Snowy,392,,185,8,152,9,7,Moderate wear,Worn,Novice,Medium,9,18,Off-road,Alloy,No,Reinforced,No,Stage 2,Supercharger
Tesla,Model 3,Electric,21,5,47326,4022710,Highway,19,Off-road terrain,Medium,Snowy,195,,176,7,181,5,8,Moderate wear,Worn,Expert,Low,6,21,Sport,Alloy,Yes,Sport,No,Stage 1,None
Toyota,Camry,Petrol,22,4,64588,5489980,Heavy Traffic,11,City streets,Medium,Clear,333,,162,8,223,6,8,Well-maintained,Worn,Expert,High,10,17,Off-road,Alloy,Yes,Sport,No,Stage 3,None
Tesla,Model 3,Diesel,35,5,73470,6244950,Heavy Traffic,11,Highway,High,Snowy,382,,114,9,298,8,7,Moderate wear,New,Intermediate,High,10,19,Luxury,Steel,No,Sport,No,Stage 1,Turbo
Hyundai,Sonata,Electric,15,5,66861,5683185,Extreme Weather,7,City streets,High,Clear,334,,116,9,163,7,5,Poor,Worn,Novice,High,2,20,Off-road,Carbon Fiber,No,Standard,Yes,Stage 1,Turbo
Ford,Mustang,Petrol,26,4,36761,3124685,Urban,19,City streets,High,Rainy,462,,136,9,186,8,6,Well-maintained,Flat,Expert,High,3,20,Luxury,Alloy,No,Standard,No,Stage 2,Turbo
BMW,X5,Diesel,37,4,33986,2888810,Off-Road,1,Highway,Medium,Snowy,499,,197,6,281,6,5,Moderate wear,Worn,Expert,High,2,17,Classic,Alloy,No,Reinforced,No,Stage 1,Supercharger
Tesla,Model S,Petrol,17,4,33281,2828885,Heavy Traffic,23,City streets,Medium,Clear,233,,173,9,167,9,9,Well-maintained,Flat,Expert,Low,10,17,Off-road,Steel,No,Reinforced,No,Stage 2,Supercharger
Toyota,Camry,Electric,35,5,63188,5370980,Off-Road,15,City streets,Medium,Rainy,424,,103,6,265,9,5,Well-maintained,Worn,Expert,Low,3,17,Classic,Alloy,No,Standard,Yes,Stage 3,None
Toyota,Corolla,Petrol,18,4,63022,5356870,Off-Road,33,Off-road terrain,Low,Clear,450,,131,9,246,5,5,Moderate wear,Worn,Expert,Low,6,17,Off-road,Steel,Yes,Standard,Yes,Stock,None
Ford,F-150,Electric,30,5,70924,6028540,Extreme Weather,2,Off-road terrain,Low,Clear,294,,117,9,292,8,5,Poor,New,Expert,Medium,2,19,Off-road,Alloy,Yes,Reinforced,Yes,Stage 3,Supercharger
Tesla,Model 3,Petrol,27,4,23956,2036260,Highway,20,Highway,High,Rainy,390,,119,9,241,8,5,Well-maintained,New,Intermediate,High,1,19,Off-road,Alloy,Yes,Reinforced,Yes,Stock,None
Toyota,Camry,Electric,24,5,42315,3596775,Off-Road,26,Off-road terrain,High,Snowy,407,,189,6,294,5,8,Moderate wear,Flat,Intermediate,High,4,18,Sport,Carbon Fiber,No,Standard,Yes,Stage 1,Turbo
Hyundai,Sonata,Electric,21,4,75202,6392170,Heavy Traffic,0,Off-road terrain,High,Snowy,451,,143,9,157,6,9,Well-maintained,New,Expert,High,4,17,Off-road,Alloy,No,Standard,Yes,Stage 1,Turbo
Hyundai,Sonata,Electric,21,5,20164,1713940,Extreme Weather,20,Off-road terrain,Medium,Snowy,171,,138,8,207,6,6,Moderate wear,Worn,Intermediate,Low,10,19,Luxury,Carbon Fiber,Yes,Standard,Yes,Stage 3,Turbo
Mercedes,E-Class,Petrol,29,4,67177,5710045,Highway,26,City streets,Medium,Clear,484,,147,8,189,7,8,Poor,Flat,Intermediate,Medium,9,20,Classic,Alloy,Yes,Reinforced,Yes,Stage 3,Supercharger
Mercedes,GLE,Diesel,38,4,39623,3367955,Extreme Weather,8,Off-road terrain,Medium,Snowy,238,,160,6,275,9,5,Poor,Flat,Novice,Medium,5,21,Luxury,Alloy,No,Reinforced,Yes,Stage 1,Turbo
Hyundai,Kona EV,Petrol,15,4,40455,3438675,Extreme Weather,19,Off-road terrain,High,Snowy,277,,180,7,153,9,8,Poor,Worn,Expert,High,7,20,Off-road,Steel,No,Reinforced,No,Stock,None
Toyota,Corolla,Diesel,39,4,33786,2871810,Extreme Weather,15,Off-road terrain,High,Clear,460,,108,6,298,8,9,Poor,Flat,Expert,Medium,8,17,Luxury,Alloy,No,Reinforced,No,Stage 2,None
Tesla,Model 3,Petrol,26,4,62278,5293630,Heavy Traffic,13,Off-road terrain,High,Clear,457,,185,8,269,8,9,Well-maintained,Flat,Novice,Medium,10,21,Sport,Steel,Yes,Standard,Yes,Stage 2,Turbo
Ford,Mustang,Petrol,20,5,69419,5900615,Off-Road,17,Highway,Medium,Snowy,236,,152,6,281,9,6,Poor,New,Intermediate,Low,8,21,Sport,Steel,Yes,Reinforced,Yes,Stage 2,Supercharger
Ford,F-150,Electric,27,4,67578,5744130,Urban,-1,Highway,Medium,Clear,308,,173,7,175,8,7,Well-maintained,New,Novice,Medium,4,21,Luxury,Carbon Fiber,Yes,Sport,No,Stage 1,Turbo
BMW,X5,Petrol,25,4,74887,6365395,Urban,16,Highway,Low,Snowy,293,,134,6,152,8,9,Moderate wear,New,Expert,Medium,5,21,Luxury,Carbon Fiber,Yes,Sport,No,Stage 3,Supercharger
Mercedes,E-Class,Petrol,24,4,70526,5994710,Urban,18,City streets,Low,Snowy,198,,165,8,174,8,7,Poor,New,Intermediate,Medium,9,19,Classic,Steel,No,Sport,Yes,Stock,Supercharger
Mercedes,GLE,Petrol,35,4,48894,4155990,Heavy Traffic,14,Off-road terrain,Medium,Clear,210,,127,8,152,9,5,Poor,Flat,Novice,Low,2,18,Luxury,Carbon Fiber,Yes,Sport,No,Stock,None
Mercedes,GLE,Diesel,19,4,60565,5148025,Highway,14,Off-road terrain,High,Rainy,342,,114,7,270,5,6,Moderate wear,New,Expert,Low,1,20,Luxury,Alloy,No,Reinforced,No,Stock,None
Hyundai,Kona EV,Petrol,16,5,30120,2560200,Highway,17,Off-road terrain,Low,Rainy,443,,139,8,231,9,9,Poor,Worn,Expert,Medium,2,20,Luxury,Steel,No,Reinforced,No,Stage 2,Turbo
Tesla,Model 3,Electric,20,4,62967,5352195,Off-Road,-5,Off-road terrain,Low,Rainy,176,,111,8,179,6,6,Well-maintained,Flat,Expert,Low,3,21,Off-road,Alloy,Yes,Standard,No,Stock,Supercharger
Hyundai,Kona EV,Electric,21,4,77716,6605860,Off-Road,34,Highway,High,Clear,339,,109,9,195,7,8,Well-maintained,Worn,Expert,Medium,6,20,Off-road,Alloy,Yes,Sport,Yes,Stage 3,Turbo
Ford,Mustang,Diesel,32,5,41618,3537530,Heavy Traffic,12,Off-road terrain,High,Snowy,487,,144,8,235,7,7,Well-maintained,Flat,Expert,Medium,2,21,Luxury,Carbon Fiber,No,Sport,No,Stock,Turbo
Toyota,Corolla,Electric,33,5,48029,4082465,Highway,18,Highway,High,Clear,310,,120,6,202,9,5,Moderate wear,Worn,Expert,High,10,21,Off-road,Carbon Fiber,No,Sport,No,Stage 1,None
